natureza_acidente,situacao,bairro,bairro_cruzamento,sentido_via,tipo,auto,moto,ciclom,ciclista,pedestre,onibus,caminhao,viatura,outros,acidente_verificado,tempo_clima,situacao_semaforo,sinalizacao,condicao_via,conservacao_via,ponto_controle,situacao_placa,mao_direcao,divisao_via1,ano,mes,dia,dia_semana,vitima
Não informado,FINALIZADA,ILHA DO RETIRO,ILHA DO RETIRO,SUBURBIO,COLISÃO COM CICLISTA,0.0,1.0,0.0,1.0,0.0,0.0,0.0,0.0,0.0,Cruzamento,Bom,Sem defeito,Perfeito estado,Molhada,Perfeito estado,Faixa de pedestre,Não há placas,Dupla,Canteiro central,2022,6,2,3,1
Não informado,CANCELADA,AREIAS,AREIAS,Não informado,COLISÃO TRASEIRA,2.0,0.0,0.0,0.0,0.0,0.0,0.0,0.0,0.0,Não informado,Não informado,Não informado,Não informado,Não informado,Não informado,Não informado,Não informado,Não informado,Não informado,2022,2,11,4,0
COM VÍTIMA,FINALIZADA,CABANGA,CABANGA,CIDADE,COLISÃO LATERAL,0.0,0.0,0.0,0.0,0.0,0.0,0.0,0.0,0.0,Longo da via,Bom,Não existe,Perfeito estado,Seca,Perfeito estado,Não existe,Não há placas,Única,Faixa seccionada,2021,9,13,0,0
Não informado,FINALIZADA,BOA VISTA,BOA VISTA,OLINDA,ATROPELAMENTO DE PESSOA,0.0,0.0,0.0,0.0,1.0,0.0,0.0,0.0,0.0,Longo da via,Bom,Sem defeito,Perfeito estado,Seca,Perfeito estado,Agente,Outras,Dupla,Faixa contínua,2022,12,13,1,1
Não informado,FINALIZADA,JARDIM SÃO PAULO,JARDIM SÃO PAULO,Não informado,COLISÃO TRASEIRA,1.0,0.0,0.0,0.0,0.0,0.0,0.0,1.0,0.0,Não informado,Não informado,Não informado,Não informado,Não informado,Não informado,Não informado,Não informado,Não informado,Não informado,2022,9,24,5,0
Não informado,FINALIZADA,VÁRZEA,VÁRZEA,SUBURBIO,COLISÃO LATERAL,0.0,1.0,0.0,0.0,0.0,1.0,0.0,0.0,0.0,Longo da via,Bom,Não existe,Perfeito estado,Seca,Perfeito estado,Não existe,Outras,Dupla,Faixa seccionada,2022,11,16,2,1
Não informado,FINALIZADA,AFOGADOS,AFOGADOS,SUBURBIO,COLISÃO TRASEIRA,0.0,0.0,0.0,0.0,0.0,0.0,1.0,1.0,0.0,Cruzamento,Bom,Sem defeito,Perfeito estado,Seca,Perfeito estado,Não existe,R-3,Dupla,Não existe,2022,4,28,3,0
Não informado,FINALIZADA,MADALENA,MADALENA,CIDADE,COLISÃO TRANSVERSAL,1.0,1.0,0.0,0.0,0.0,0.0,0.0,0.0,0.0,Esquina,Bom,Não existe,Perfeito estado,Seca,Perfeito estado,Não existe,"Placas ""Pare""",Dupla,Não existe,2022,5,2,0,1
COM VÍTIMA,FINALIZADA,CASA AMARELA,CASA AMARELA,CIDADE,COLISÃO TRASEIRA,0.0,0.0,0.0,0.0,0.0,0.0,0.0,0.0,0.0,Cruzamento,Chuvoso,Sem defeito,Perfeito estado,Molhada,Perfeito estado,Faixa de pedestre,Não há placas,Dupla,Faixa seccionada,2020,4,16,3,0
COM VÍTIMA,FINALIZADA,IBURA,IBURA,AEROPORTO,COLISÃO TRASEIRA,0.0,0.0,0.0,0.0,0.0,0.0,0.0,0.0,0.0,Longo da via,Bom,Não existe,Perfeito estado,Seca,Perfeito estado,Não existe,Outras,Dupla,Faixa contínua,2021,12,16,3,0
Não informado,FINALIZADA,SANTO AMARO,SANTO AMARO,CIDADE,QUEDA,0.0,1.0,0.0,0.0,0.0,0.0,0.0,0.0,0.0,Longo da via,Bom,Sem defeito,Perfeito estado,Seca,Perfeito estado,Faixa de pedestre,Não há placas,Dupla,Faixa contínua,2022,6,29,2,1
COM VÍTIMA,FINALIZADA,IMBIRIBEIRA,IMBIRIBEIRA,SUBURBIO,COLISÃO TRASEIRA,0.0,0.0,0.0,0.0,0.0,0.0,0.0,0.0,0.0,Longo da via,Bom,Sem defeito,Perfeito estado,Seca,Perfeito estado,Faixa de pedestre,Não há placas,Dupla,Canteiro central,2021,8,27,4,0
COM VÍTIMA,DUPLICIDADE,COELHOS,COELHOS,Não informado,COLISÃO LATERAL,0.0,0.0,0.0,0.0,0.0,0.0,0.0,0.0,0.0,Não informado,Não informado,Não informado,Não informado,Não informado,Não informado,Não informado,Não informado,Não informado,Não informado,2021,4,17,5,0
Não informado,FINALIZADA,PINA,PINA,CIDADE,COLISÃO LATERAL,1.0,1.0,0.0,0.0,0.0,0.0,0.0,0.0,0.0,Longo da via,Chuvoso,Não existe,Perfeito estado,Molhada,Perfeito estado,Não existe,Não há placas,Única,Faixa seccionada,2022,2,16,2,1
Não informado,FINALIZADA,CAMPO GRANDE,CAMPO GRANDE,SUBURBIO,COLISÃO TRANSVERSAL,2.0,2.0,0.0,0.0,0.0,0.0,0.0,0.0,0.0,Longo da via,Bom,Não existe,Perfeito estado,Seca,Perfeito estado,Não existe,R-6a,Dupla,Faixa seccionada,2022,3,24,3,1
COM VÍTIMA,FINALIZADA,MANGUEIRA,MANGUEIRA,CIDADE,ABALROAMENTO TRANSVERSAL,0.0,0.0,0.0,0.0,0.0,0.0,0.0,0.0,0.0,Longo da via,Bom,Não existe,Perfeito estado,Seca,Perfeito estado,Não existe,Não há placas,Dupla,Faixa contínua,2020,7,14,1,0
SEM VÍTIMA,FINALIZADA,IPUTINGA,IPUTINGA,CIDADE,COLISÃO TRASEIRA,0.0,0.0,0.0,0.0,0.0,0.0,0.0,0.0,0.0,Longo da via,Bom,Sem defeito,Perfeito estado,Seca,Perfeito estado,Não existe,Não há placas,Dupla,Faixa seccionada,2020,1,15,2,0
COM VÍTIMA,FINALIZADA,SANTO AMARO,SANTO AMARO,SUBURBIO,ABALROAMENTO LONGITUDINAL,0.0,0.0,0.0,0.0,0.0,0.0,0.0,0.0,0.0,Esquina,Bom,Não existe,Incompleta,Seca,Mal iluminada,Não existe,Não há placas,Única,Não existe,2020,4,1,2,0
COM VÍTIMA,FINALIZADA,BONGI,BONGI,CIDADE,ABALROAMENTO TRANSVERSAL,0.0,0.0,0.0,0.0,0.0,0.0,0.0,0.0,0.0,Cruzamento,Bom,Não existe,Perfeito estado,Seca,Perfeito estado,Faixa de pedestre,Placas Pare,Única,Não existe,2020,3,11,2,0
COM VÍTIMA,FINALIZADA,SANTO ANTÔNIO,SANTO ANTÔNIO,CIDADE,ATROPELAMENTO,0.0,0.0,0.0,0.0,0.0,0.0,0.0,0.0,0.0,Longo da via,Bom,Não existe,Ilegível,Seca,Mal iluminada,Não existe,Não há placas,Única,Não existe,2020,2,23,6,0
COM VÍTIMA,FINALIZADA,DOIS UNIDOS,DOIS UNIDOS,Não informado,COLISÃO FRONTAL,0.0,0.0,0.0,0.0,0.0,0.0,0.0,0.0,0.0,Longo da via,Bom,Não existe,Perfeito estado,Seca,Perfeito estado,Não existe,Não há placas,Não informado,Não existe,2020,9,27,6,0
Não informado,FINALIZADA,AFOGADOS,AFOGADOS,SUBURBIO,ATROPELAMENTO DE PESSOA,0.0,1.0,0.0,0.0,1.0,0.0,0.0,0.0,0.0,Longo da via,Bom,Não existe,Não informado,Seca,Perfeito estado,Não informado,Não há placas,Dupla,Não existe,2022,10,28,4,1
COM VÍTIMA,FINALIZADA,BEBERIBE,BEBERIBE,CIDADE,COLISÃO FRONTAL,0.0,0.0,0.0,0.0,0.0,0.0,0.0,0.0,0.0,Longo da via,Bom,Não existe,Perfeito estado,Seca,Perfeito estado,Não existe,Não há placas,Dupla,Faixa contínua,2021,3,2,1,0
SEM VÍTIMA,FINALIZADA,BOA VIAGEM,BOA VIAGEM,SUBURBIO,ABALROAMENTO LONGITUDINAL,0.0,0.0,0.0,0.0,0.0,0.0,0.0,0.0,0.0,Longo da via,Bom,Não existe,Perfeito estado,Seca,Perfeito estado,Não existe,Não há placas,Dupla,Faixa seccionada,2020,1,5,6,0
Não informado,CANCELADA,MADALENA,MADALENA,Não informado,COLISÃO LATERAL,2.0,0.0,0.0,0.0,0.0,0.0,0.0,0.0,0.0,Não informado,Não informado,Não informado,Não informado,Não informado,Não informado,Não informado,Não informado,Não informado,Não informado,2022,2,23,2,0
SEM VÍTIMA,FINALIZADA,ESTÂNCIA,ESTÂNCIA,SUBURBIO,COLISÃO TRASEIRA,0.0,0.0,0.0,0.0,0.0,0.0,0.0,0.0,0.0,Longo da via,Bom,Sem defeito,Perfeito estado,Seca,Perfeito estado,Faixa de pedestre,Não há placas,Dupla,Canteiro central,2020,2,8,5,0
COM VÍTIMA,FINALIZADA,GRAÇAS,GRAÇAS,SUBURBIO,QUEDA,0.0,0.0,0.0,0.0,0.0,0.0,0.0,0.0,0.0,Longo da via,Chuvoso,Não existe,Perfeito estado,Oleosa,Perfeito estado,Não existe,Não há placas,Única,Faixa seccionada,2021,5,21,4,0
COM VÍTIMA,FINALIZADA,IPSEP,IPSEP,IPSEP,ABALROAMENTO TRANSVERSAL,0.0,0.0,0.0,0.0,0.0,0.0,0.0,0.0,0.0,Longo da via,Chuvoso,Sem defeito,Não informado,Molhada,Perfeito estado,Não informado,Outras,Dupla,Canteiro central,2020,8,31,0,0
Não informado,FINALIZADA,CASA AMARELA,CASA AMARELA,SUBURBIO,CHOQUE,2.0,1.0,0.0,0.0,0.0,0.0,0.0,0.0,0.0,Longo da via,Bom,Não existe,Perfeito estado,Seca,Perfeito estado,Não existe,Não há placas,Dupla,Canteiro central,2022,12,8,3,0
Não informado,FINALIZADA,GUABIRABA,GUABIRABA,Não informado,COLISÃO LATERAL,1.0,1.0,0.0,0.0,0.0,0.0,0.0,0.0,0.0,Longo da via,Bom,Não existe,Ilegível,Seca,Perfeito estado,Não existe,Não há placas,Única,Faixa seccionada,2022,12,3,5,1
Não informado,FINALIZADA,ENCRUZILHADA,ENCRUZILHADA,SUBURBIO,COLISÃO LATERAL,1.0,1.0,0.0,0.0,0.0,0.0,0.0,0.0,0.0,Cruzamento,Bom,Sem defeito,Perfeito estado,Seca,Perfeito estado,Faixa de pedestre,Outras,Dupla,Canteiro central,2022,5,3,1,1
Não informado,FINALIZADA,ESTÂNCIA,ESTÂNCIA,Não informado,COLISÃO LATERAL,1.0,1.0,0.0,0.0,0.0,0.0,0.0,0.0,0.0,Não informado,Não informado,Não informado,Não informado,Não informado,Não informado,Não informado,Não informado,Não informado,Não informado,2022,7,2,5,1
Não informado,FINALIZADA,IPUTINGA,IPUTINGA,CIDADE,COLISÃO TRASEIRA,1.0,0.0,0.0,0.0,0.0,0.0,1.0,0.0,0.0,Outros,Bom,Não existe,Perfeito estado,Seca,Perfeito estado,Não existe,Outras,Dupla,Não informado,2022,12,19,0,0
SEM VÍTIMA,FINALIZADA,BOA VISTA,BOA VISTA,CIDADE,ABALROAMENTO LONGITUDINAL,0.0,0.0,0.0,0.0,0.0,0.0,0.0,0.0,0.0,Cruzamento,Bom,Não existe,Não informado,Seca,Perfeito estado,Não existe,Não há placas,Dupla,Não existe,2020,1,6,0,0
SEM VÍTIMA,FINALIZADA,BOA VIAGEM,BOA VIAGEM,SUBURBIO,COLISÃO TRASEIRA,0.0,0.0,0.0,0.0,0.0,0.0,0.0,0.0,0.0,Longo da via,Bom,Sem defeito,Perfeito estado,Seca,Perfeito estado,Faixa de pedestre,Outras,Única,Faixa seccionada,2021,10,16,5,0
COM VÍTIMA,FINALIZADA,JOANA BEZERRA,JOANA BEZERRA,Não informado,ABALROAMENTO TRANSVERSAL,0.0,0.0,0.0,0.0,0.0,0.0,0.0,0.0,0.0,Cruzamento,Bom,Não existe,Não existente,Seca,Perfeito estado,Não existe,Não há placas,Dupla,Não existe,2020,9,15,1,0
COM VÍTIMA,CANCELADA,BOA VIAGEM,BOA VIAGEM,Não informado,COLISÃO LATERAL,0.0,0.0,0.0,0.0,0.0,0.0,0.0,0.0,0.0,Não informado,Não informado,Não informado,Não informado,Não informado,Não informado,Não informado,Não informado,Não informado,Não informado,2021,12,10,4,0
COM VÍTIMA,FINALIZADA,SANTO AMARO,SANTO AMARO,CIDADE,COLISÃO TRANSVERSAL,0.0,0.0,0.0,0.0,0.0,0.0,0.0,0.0,0.0,Não informado,Não informado,Não informado,Não informado,Não informado,Não informado,Não informado,Não informado,Não informado,Não informado,2021,6,22,1,0
SEM VÍTIMA,CANCELADA,JORDÃO,JORDÃO,Não informado,COLISÃO,0.0,0.0,0.0,0.0,0.0,0.0,0.0,0.0,0.0,Não informado,Não informado,Não informado,Não informado,Não informado,Não informado,Não informado,Não informado,Não informado,Não informado,2020,1,31,4,0
SEM VÍTIMA,FINALIZADA,CASA FORTE,CASA FORTE,SUBURBIO,COLISÃO,0.0,0.0,0.0,0.0,0.0,0.0,0.0,0.0,0.0,Cruzamento,Bom,Não existe,Perfeito estado,Seca,Perfeito estado,Faixa de pedestre,Placas Pare,Única,Não existe,2020,2,12,2,0
COM VÍTIMA,FINALIZADA,SAN MARTIN,SAN MARTIN,CIDADE,COLISÃO TRASEIRA,0.0,0.0,0.0,0.0,0.0,0.0,0.0,0.0,0.0,Longo da via,Bom,Não existe,Incompleta,Seca,Perfeito estado,Não existe,Não há placas,Dupla,Faixa contínua,2021,4,20,1,0
COM VÍTIMA,FINALIZADA,ILHA DO RETIRO,ILHA DO RETIRO,CIDADE,COLISÃO COM CICLISTA,0.0,0.0,0.0,0.0,0.0,0.0,0.0,0.0,0.0,Esquina,Bom,Não existe,Perfeito estado,Seca,Perfeito estado,Não existe,Placas Pare,Dupla,Não existe,2020,8,7,4,0
COM VÍTIMA,FINALIZADA,DOIS UNIDOS,DOIS UNIDOS,SUBURBIO,ATROPELAMENTO DE PESSOA,0.0,0.0,0.0,0.0,0.0,0.0,0.0,0.0,0.0,Longo da via,Bom,Não existe,Não existente,Seca,Perfeito estado,Não existe,Não há placas,Dupla,Faixa seccionada,2021,3,20,5,0
Não informado,CANCELADA,SANTO AMARO,SANTO AMARO,Não informado,COLISÃO FRONTAL,0.0,1.0,0.0,0.0,0.0,1.0,0.0,0.0,0.0,Não informado,Não informado,Não informado,Não informado,Não informado,Não informado,Não informado,Não informado,Não informado,Não informado,2022,1,15,5,1
Não informado,FINALIZADA,IMBIRIBEIRA,IMBIRIBEIRA,Não informado,COLISÃO TRANSVERSAL,1.0,1.0,0.0,0.0,0.0,0.0,0.0,0.0,0.0,Longo da via,Bom,Não existe,Perfeito estado,Seca,Perfeito estado,Faixa de pedestre,Outras,Dupla,Faixa contínua,2022,11,8,1,1
Não informado,FINALIZADA,CASA AMARELA,CASA AMARELA,CIDADE,COLISÃO TRASEIRA,0.0,1.0,0.0,0.0,0.0,1.0,0.0,0.0,0.0,Longo da via,Chuvoso,Não existe,Perfeito estado,Molhada,Perfeito estado,Não existe,Não há placas,Dupla,Canteiro central,2022,5,2,0,1
COM VÍTIMA,FINALIZADA,ILHA DO RETIRO,ILHA DO RETIRO,SUBURBIO,COLISÃO FRONTAL,0.0,0.0,0.0,0.0,0.0,0.0,0.0,0.0,0.0,Cruzamento,Bom,Sem defeito,Incompleta,Seca,Perfeito estado,Outros,Não há placas,Única,Não existe,2021,10,16,5,0
SEM VÍTIMA,FINALIZADA,IMBIRIBEIRA,IMBIRIBEIRA,Não informado,CHOQUE,0.0,0.0,0.0,0.0,0.0,0.0,0.0,0.0,0.0,Não informado,Não informado,Não informado,Não informado,Não informado,Não informado,Não informado,Não informado,Não informado,Não informado,2021,4,17,5,0
SEM VÍTIMA,CANCELADA,BOA VIAGEM,BOA VIAGEM,Não informado,COLISÃO,0.0,0.0,0.0,0.0,0.0,0.0,0.0,0.0,0.0,Não informado,Não informado,Não informado,Não informado,Não informado,Não informado,Não informado,Não informado,Não informado,Não informado,2020,10,30,4,0
Não informado,FINALIZADA,CORDEIRO,CORDEIRO,SUBURBIO,COLISÃO TRASEIRA,1.0,1.0,0.0,0.0,0.0,0.0,0.0,0.0,0.0,Longo da via,Bom,Não existe,Perfeito estado,Seca,Perfeito estado,Não existe,Não há placas,Dupla,Canteiro central,2022,6,14,1,1
SEM VÍTIMA,FINALIZADA,PAISSANDU,PAISSANDU,SUBURBIO,COLISÃO TRASEIRA,0.0,0.0,0.0,0.0,0.0,0.0,0.0,0.0,0.0,Longo da via,Bom,Sem defeito,Perfeito estado,Seca,Perfeito estado,Não existe,Não há placas,Única,Faixa seccionada,2020,7,3,4,0
SEM VÍTIMA,FINALIZADA,CASA FORTE,CASA FORTE,Não informado,CHOQUE,0.0,0.0,0.0,0.0,0.0,0.0,0.0,0.0,0.0,Longo da via,Chuvoso,Não existe,Perfeito estado,Molhada,Perfeito estado,Não existe,Outras,Dupla,Faixa contínua,2020,6,19,4,0
SEM VÍTIMA,FINALIZADA,AFOGADOS,AFOGADOS,SUBURBIO,COLISÃO,0.0,0.0,0.0,0.0,0.0,0.0,0.0,0.0,0.0,Longo da via,Bom,Sem defeito,Perfeito estado,Seca,Perfeito estado,Faixa de pedestre,Outras,Dupla,Faixa contínua,2020,2,14,4,0
COM VÍTIMA,FINALIZADA,BOA VISTA,BOA VISTA,CIDADE,ABALROAMENTO LONGITUDINAL,0.0,0.0,0.0,0.0,0.0,0.0,0.0,0.0,0.0,Cruzamento,Bom,Sem defeito,Perfeito estado,Seca,Perfeito estado,Não existe,Outras,Única,Faixa contínua,2020,5,9,5,0
COM VÍTIMA,FINALIZADA,SANTO AMARO,SANTO AMARO,SUBURBIO,COLISÃO TRASEIRA,0.0,0.0,0.0,0.0,0.0,0.0,0.0,0.0,0.0,Longo da via,Bom,Não existe,Perfeito estado,Seca,Perfeito estado,Não existe,Não há placas,Única,Faixa seccionada,2020,9,27,6,0
SEM VÍTIMA,FINALIZADA,CORDEIRO,CORDEIRO,CIDADE,COLISÃO TRASEIRA,0.0,0.0,0.0,0.0,0.0,0.0,0.0,0.0,0.0,Longo da via,Bom,Não existe,Perfeito estado,Seca,Perfeito estado,Não existe,R-6a,Dupla,Faixa seccionada,2021,10,2,5,0
COM VÍTIMA,FINALIZADA,BOA VIAGEM,BOA VIAGEM,CIDADE,COLISÃO COM CICLISTA,0.0,0.0,0.0,0.0,0.0,0.0,0.0,0.0,0.0,Cruzamento,Bom,Sem defeito,Perfeito estado,Seca,Perfeito estado,Faixa de pedestre,R-6a,Única,Não existe,2020,1,7,1,0
Não informado,FINALIZADA,SANTO AMARO,SANTO AMARO,Não informado,COLISÃO TRASEIRA,1.0,1.0,0.0,0.0,0.0,0.0,0.0,0.0,0.0,Longo da via,Bom,Não existe,Perfeito estado,Seca,Não informado,Não informado,Não há placas,Dupla,Canteiro central,2022,1,7,4,1
SEM VÍTIMA,FINALIZADA,SAN MARTIN,SAN MARTIN,SUBURBIO,ABALROAMENTO LONGITUDINAL,0.0,0.0,0.0,0.0,0.0,0.0,0.0,0.0,0.0,Cruzamento,Bom,Não existe,Incompleta,Seca,Perfeito estado,Outros,Placas Pare,Dupla,Não existe,2020,1,13,0,0
COM VÍTIMA,FINALIZADA,BOA VIAGEM,BOA VIAGEM,CIDADE,COLISÃO TRASEIRA,0.0,0.0,0.0,0.0,0.0,0.0,0.0,0.0,0.0,Longo da via,Bom,Sem defeito,Perfeito estado,Seca,Perfeito estado,Faixa de pedestre,Outras,Única,Faixa seccionada,2021,3,12,4,0
SEM VÍTIMA,FINALIZADA,MACAXEIRA,MACAXEIRA,SUBURBIO,CHOQUE,0.0,0.0,0.0,0.0,0.0,0.0,0.0,0.0,0.0,Longo da via,Bom,Não existe,Perfeito estado,Seca,Perfeito estado,Não existe,R-6a,Dupla,Canteiro central,2021,2,12,4,0
Não informado,FINALIZADA,BOA VISTA,BOA VISTA,SUBURBIO,COLISÃO LATERAL,0.0,2.0,0.0,0.0,0.0,0.0,0.0,0.0,0.0,Cruzamento,Bom,Sem defeito,Perfeito estado,Seca,Perfeito estado,Não existe,Não há placas,Única,Faixa seccionada,2022,11,14,0,1
Não informado,FINALIZADA,VASCO DA GAMA,VASCO DA GAMA,SUBURBIO,COLISÃO LATERAL,1.0,1.0,0.0,0.0,0.0,0.0,0.0,0.0,0.0,Cruzamento,Bom,Não existe,Perfeito estado,Seca,Perfeito estado,Faixa de pedestre,Placas Pare,Dupla,Não informado,2022,11,21,0,1
COM VÍTIMA,FINALIZADA,DERBY,DERBY,BOA VIAGEM,TOMBAMENTO,0.0,0.0,0.0,0.0,0.0,0.0,0.0,0.0,0.0,Longo da via,Chuvoso,Não existe,Perfeito estado,Molhada,Perfeito estado,Outros,Outras,Dupla,Canteiro central,2020,4,16,3,0
COM VÍTIMA,CANCELADA,IMBIRIBEIRA,IMBIRIBEIRA,Não informado,COLISÃO LATERAL,0.0,0.0,0.0,0.0,0.0,0.0,0.0,0.0,0.0,Não informado,Não informado,Não informado,Não informado,Não informado,Não informado,Não informado,Não informado,Não informado,Não informado,2021,8,21,5,0
SEM VÍTIMA,FINALIZADA,TORRÕES,TORRÕES,SUBURBIO,COLISÃO TRASEIRA,0.0,0.0,0.0,0.0,0.0,0.0,0.0,0.0,0.0,Longo da via,Bom,Não existe,Incompleta,Seca,Perfeito estado,Não existe,Não há placas,Dupla,Não existe,2020,1,16,3,0
COM VÍTIMA,FINALIZADA,ESTÂNCIA,ESTÂNCIA,SUBURBIO,ATROPELAMENTO,0.0,0.0,0.0,0.0,0.0,0.0,0.0,0.0,0.0,Longo da via,Bom,Não existe,Perfeito estado,Seca,Perfeito estado,Não existe,R-6a,Dupla,Faixa contínua,2020,2,2,6,0
Não informado,FINALIZADA,BOA VIAGEM,BOA VIAGEM,SUBURBIO,COLISÃO TRASEIRA,1.0,0.0,0.0,0.0,0.0,0.0,1.0,0.0,0.0,Longo da via,Bom,Não existe,Não existente,Seca,Perfeito estado,Não existe,Não há placas,Dupla,Não existe,2022,2,11,4,0
Não informado,FINALIZADA,IMBIRIBEIRA,IMBIRIBEIRA,Não informado,COLISÃO TRASEIRA,0.0,0.0,0.0,0.0,0.0,2.0,0.0,0.0,0.0,Outros,Bom,Não existe,Não existente,Seca,Mal conservada,Não existe,Não há placas,Única,Não informado,2022,4,12,1,1
COM VÍTIMA,FINALIZADA,CAMPO GRANDE,CAMPO GRANDE,Não informado,ATROPELAMENTO,0.0,0.0,0.0,0.0,0.0,0.0,0.0,0.0,0.0,Longo da via,Bom,Com defeito,Perfeito estado,Seca,Perfeito estado,Faixa de pedestre,Não informado,Dupla,Faixa contínua,2020,6,9,1,0
COM VÍTIMA,CANCELADA,MADALENA,MADALENA,Não informado,COLISÃO,0.0,0.0,0.0,0.0,0.0,0.0,0.0,0.0,0.0,Não informado,Não informado,Não informado,Não informado,Não informado,Não informado,Não informado,Não informado,Não informado,Não informado,2020,12,2,2,0
Não informado,FINALIZADA,SAN MARTIN,SAN MARTIN,SUBURBIO,COLISÃO LATERAL,1.0,1.0,0.0,0.0,0.0,0.0,0.0,0.0,0.0,Esquina,Chuvoso,Sem defeito,Perfeito estado,Molhada,Perfeito estado,Faixa de pedestre,Outras,Dupla,Faixa contínua,2022,3,21,0,1
SEM VÍTIMA,FINALIZADA,IMBIRIBEIRA,IMBIRIBEIRA,SUBURBIO,ABALROAMENTO LONGITUDINAL,0.0,0.0,0.0,0.0,0.0,0.0,0.0,0.0,0.0,Cruzamento,Bom,Não existe,Perfeito estado,Seca,Perfeito estado,Não existe,Não há placas,Única,Faixa seccionada,2020,1,8,2,0
SEM VÍTIMA,FINALIZADA,ESPINHEIRO,ESPINHEIRO,CIDADE,ABALROAMENTO LONGITUDINAL,0.0,0.0,0.0,0.0,0.0,0.0,0.0,0.0,0.0,Longo da via,Bom,Não existe,Não existente,Seca,Perfeito estado,Não existe,Outras,Única,Faixa seccionada,2020,3,4,2,0
COM VÍTIMA,CANCELADA,ENGENHO DO MEIO,ENGENHO DO MEIO,Não informado,COLISÃO,0.0,0.0,0.0,0.0,0.0,0.0,0.0,0.0,0.0,Não informado,Não informado,Não informado,Não informado,Não informado,Não informado,Não informado,Não informado,Não informado,Não informado,2020,1,30,3,0
Não informado,FINALIZADA,BOA VIAGEM,BOA VIAGEM,SUBURBIO,COLISÃO TRASEIRA,1.0,1.0,0.0,0.0,0.0,0.0,0.0,0.0,0.0,Longo da via,Bom,Não existe,Perfeito estado,Seca,Perfeito estado,Não existe,Outras,Única,Faixa contínua,2022,6,29,2,1
Não informado,FINALIZADA,APIPUCOS,APIPUCOS,Não informado,COLISÃO LATERAL,0.0,0.0,0.0,0.0,0.0,0.0,0.0,0.0,0.0,Longo da via,Bom,Sem defeito,Perfeito estado,Seca,Perfeito estado,Não informado,Outras,Dupla,Faixa contínua,2022,1,31,0,0
COM VÍTIMA,FINALIZADA,ESPINHEIRO,ESPINHEIRO,Não informado,COLISÃO LATERAL,0.0,0.0,0.0,0.0,0.0,0.0,0.0,0.0,0.0,Longo da via,Bom,Não existe,Perfeito estado,Seca,Perfeito estado,Não existe,Não há placas,Dupla,Canteiro central,2021,11,17,2,0
Não informado,FINALIZADA,BOA VIAGEM,BOA VIAGEM,SUBURBIO,COLISÃO LATERAL,1.0,1.0,0.0,0.0,0.0,0.0,0.0,0.0,0.0,Longo da via,Chuvoso,Sem defeito,Perfeito estado,Molhada,Perfeito estado,Faixa de retenção,Não há placas,Única,Faixa contínua,2022,2,12,5,1
SEM VÍTIMA,FINALIZADA,GRAÇAS,GRAÇAS,CIDADE,COLISÃO TRASEIRA,0.0,0.0,0.0,0.0,0.0,0.0,0.0,0.0,0.0,Longo da via,Bom,Sem defeito,Perfeito estado,Seca,Perfeito estado,Faixa de pedestre,Outras,Única,Faixa contínua,2020,2,27,3,0
Não informado,FINALIZADA,APIPUCOS,APIPUCOS,SUBURBIO,COLISÃO FRONTAL,2.0,1.0,0.0,0.0,0.0,0.0,0.0,0.0,0.0,Longo da via,Chuvoso,Não existe,Perfeito estado,Molhada,Perfeito estado,Não existe,Não informado,Dupla,Faixa contínua,2022,2,17,3,1
SEM VÍTIMA,FINALIZADA,SANTO AMARO,SANTO AMARO,CIDADE,ABALROAMENTO LONGITUDINAL,0.0,0.0,0.0,0.0,0.0,0.0,0.0,0.0,0.0,Longo da via,Bom,Sem defeito,Perfeito estado,Seca,Perfeito estado,Não existe,R-19,Única,Faixa seccionada,2020,3,14,5,0
SEM VÍTIMA,FINALIZADA,ÁGUA FRIA,ÁGUA FRIA,SUBURBIO,ABALROAMENTO LONGITUDINAL,0.0,0.0,0.0,0.0,0.0,0.0,0.0,0.0,0.0,Cruzamento,Bom,Não existe,Perfeito estado,Seca,Perfeito estado,Não informado,Não informado,Dupla,Faixa contínua,2020,2,10,0,0
SEM VÍTIMA,CANCELADA,CASA FORTE,CASA FORTE,Não informado,COLISÃO LATERAL,0.0,0.0,0.0,0.0,0.0,0.0,0.0,0.0,0.0,Não informado,Não informado,Não informado,Não informado,Não informado,Não informado,Não informado,Não informado,Não informado,Não informado,2021,7,29,3,0
COM VÍTIMA,FINALIZADA,TORRE,TORRE,CIDADE,CAPOTAMENTO,0.0,0.0,0.0,0.0,0.0,0.0,0.0,0.0,0.0,Longo da via,Bom,Não existe,Perfeito estado,Seca,Perfeito estado,Não existe,Não há placas,Dupla,Faixa contínua,2021,9,18,5,0
Não informado,FINALIZADA,BOA VIAGEM,BOA VIAGEM,Não informado,COLISÃO FRONTAL,0.0,0.0,0.0,0.0,0.0,0.0,0.0,0.0,0.0,Cruzamento,Chuvoso,Sem defeito,Perfeito estado,Molhada,Perfeito estado,Faixa de pedestre,Não informado,Única,Faixa seccionada,2022,12,29,3,1