natureza_acidente,situacao,bairro,bairro_cruzamento,sentido_via,tipo,auto,moto,ciclom,ciclista,pedestre,onibus,caminhao,viatura,outros,acidente_verificado,tempo_clima,situacao_semaforo,sinalizacao,condicao_via,conservacao_via,ponto_controle,situacao_placa,mao_direcao,divisao_via1,ano,mes,dia,dia_semana,vitima
Não informado,FINALIZADA,CAMPO GRANDE,CAMPO GRANDE,Não informado,COLISÃO LATERAL,1.0,1.0,0.0,0.0,0.0,0.0,0.0,0.0,0.0,Longo da via,Bom,Sem defeito,Incompleta,Seca,Perfeito estado,Não existe,R-6a,Dupla,Faixa seccionada,2022,10,7,4,1
COM VÍTIMA,FINALIZADA,SAN MARTIN,SAN MARTIN,CIDADE,COLISÃO LATERAL,0.0,0.0,0.0,0.0,0.0,0.0,0.0,0.0,0.0,Longo da via,Bom,Sem defeito,Perfeito estado,Seca,Perfeito estado,Faixa de retenção,Não há placas,Única,Faixa contínua,2021,3,20,5,0
SEM VÍTIMA,CANCELADA,BOA VIAGEM,BOA VIAGEM,Não informado,COLISÃO,0.0,0.0,0.0,0.0,0.0,0.0,0.0,0.0,0.0,Não informado,Não informado,Não informado,Não informado,Não informado,Não informado,Não informado,Não informado,Não informado,Não informado,2020,2,20,3,0
Não informado,FINALIZADA,ILHA DO LEITE,ILHA DO LEITE,SUBURBIO,COLISÃO LATERAL,2.0,1.0,0.0,0.0,0.0,0.0,0.0,0.0,0.0,Cruzamento,Bom,Sem defeito,Perfeito estado,Seca,Perfeito estado,Faixa de pedestre,Outras,Dupla,Faixa contínua,2022,10,28,4,1
COM VÍTIMA,FINALIZADA,IBURA,IBURA,Não informado,COLISÃO LATERAL,0.0,0.0,0.0,0.0,0.0,0.0,0.0,0.0,0.0,Longo da via,Chuvoso,Não existe,Ilegível,Molhada,Mal conservada,Não existe,Outras,Dupla,Não informado,2021,7,2,4,0
SEM VÍTIMA,FINALIZADA,IPSEP,IPSEP,CIDADE,COLISÃO TRANSVERSAL,0.0,0.0,0.0,0.0,0.0,0.0,0.0,0.0,0.0,Não informado,Não informado,Não informado,Não informado,Não informado,Não informado,Não informado,Não informado,Não informado,Não informado,2021,6,24,3,0
Não informado,FINALIZADA,IPSEP,IPSEP,SUBURBIO,COLISÃO TRASEIRA,0.0,1.0,0.0,0.0,0.0,0.0,0.0,1.0,0.0,Cruzamento,Chuvoso,Não existe,Perfeito estado,Molhada,Perfeito estado,Faixa de pedestre,R-6a,Dupla,Faixa seccionada,2022,8,23,1,0
SEM VÍTIMA,CANCELADA,TORRE,TORRE,Não informado,ENGAVETAMENTO,0.0,0.0,0.0,0.0,0.0,0.0,0.0,0.0,0.0,Não informado,Não informado,Não informado,Não informado,Não informado,Não informado,Não informado,Não informado,Não informado,Não informado,2020,2,6,3,0
COM VÍTIMA,FINALIZADA,TAMARINEIRA,TAMARINEIRA,SUBURBIO,COLISÃO LATERAL,0.0,0.0,0.0,0.0,0.0,0.0,0.0,0.0,0.0,Longo da via,Bom,Não existe,Perfeito estado,Seca,Perfeito estado,Não existe,Não há placas,Dupla,Faixa seccionada,2021,9,3,4,0
Não informado,FINALIZADA,SANTO AMARO,SANTO AMARO,Não informado,COLISÃO TRASEIRA,2.0,0.0,0.0,0.0,0.0,0.0,0.0,0.0,0.0,Não informado,Não informado,Não informado,Não informado,Não informado,Não informado,Não informado,Não informado,Não informado,Não informado,2022,11,2,2,0
SEM VÍTIMA,FINALIZADA,DERBY,DERBY,BOA VIAGEM,COLISÃO,0.0,0.0,0.0,0.0,0.0,0.0,0.0,0.0,0.0,Longo da via,Chuvoso,Sem defeito,Perfeito estado,Molhada,Perfeito estado,Agente,Outras,Dupla,Faixa seccionada,2020,4,27,0,0
COM VÍTIMA,FINALIZADA,TEJIPIÓ,TEJIPIÓ,SUBURBIO,CHOQUE,0.0,0.0,0.0,0.0,0.0,0.0,0.0,0.0,0.0,Longo da via,Bom,Não existe,Não existente,Seca,Perfeito estado,Não existe,Não há placas,Dupla,Não existe,2021,10,16,5,0
SEM VÍTIMA,FINALIZADA,AFOGADOS,AFOGADOS,SUBURBIO,ABALROAMENTO TRANSVERSAL,0.0,0.0,0.0,0.0,0.0,0.0,0.0,0.0,0.0,Cruzamento,Bom,Não existe,Incompleta,Seca,Mal conservada,Não existe,Não há placas,Única,Não existe,2020,2,27,3,0
Não informado,FINALIZADA,IMBIRIBEIRA,IMBIRIBEIRA,CIDADE,ATROPELAMENTO DE PESSOA,1.0,0.0,0.0,0.0,1.0,0.0,0.0,0.0,0.0,Longo da via,Bom,Sem defeito,Perfeito estado,Seca,Perfeito estado,Faixa de pedestre,R-19,Dupla,Faixa contínua,2022,5,11,2,1
COM VÍTIMA,FINALIZADA,IBURA,IBURA,CIDADE,COLISÃO FRONTAL,0.0,0.0,0.0,0.0,0.0,0.0,0.0,0.0,0.0,Longo da via,Bom,Não existe,Perfeito estado,Seca,Perfeito estado,Não existe,R-6a,Única,Não existe,2021,10,2,5,0
COM VÍTIMA,FINALIZADA,CORDEIRO,CORDEIRO,SUBURBIO,CHOQUE,0.0,0.0,0.0,0.0,0.0,0.0,0.0,0.0,0.0,Longo da via,Chuvoso,Não existe,Perfeito estado,Molhada,Perfeito estado,Não existe,Não há placas,Dupla,Canteiro central,2021,6,19,5,0
SEM VÍTIMA,FINALIZADA,TORRE,TORRE,CIDADE,ABALROAMENTO LONGITUDINAL,0.0,0.0,0.0,0.0,0.0,0.0,0.0,0.0,0.0,Cruzamento,Bom,Sem defeito,Perfeito estado,Seca,Perfeito estado,Faixa de pedestre,R-6a,Única,Faixa seccionada,2020,1,8,2,0
COM VÍTIMA,FINALIZADA,VASCO DA GAMA,VASCO DA GAMA,SUBURBIO,COLISÃO COM CICLISTA,0.0,0.0,0.0,0.0,0.0,0.0,0.0,0.0,0.0,Longo da via,Bom,Não existe,Incompleta,Seca,Perfeito estado,Não existe,Outras,Dupla,Não existe,2020,1,28,1,0
COM VÍTIMA,FINALIZADA,DOIS IRMÃOS,DOIS IRMÃOS,Não informado,COLISÃO TRANSVERSAL,0.0,0.0,0.0,0.0,0.0,0.0,0.0,0.0,0.0,Longo da via,Bom,Não existe,Perfeito estado,Seca,Perfeito estado,Não existe,Não há placas,Dupla,Faixa contínua,2021,11,1,0,0
Não informado,FINALIZADA,CASA AMARELA,CASA AMARELA,CIDADE,COLISÃO TRASEIRA,2.0,0.0,0.0,0.0,0.0,0.0,0.0,0.0,0.0,Longo da via,Bom,Sem defeito,Perfeito estado,Seca,Perfeito estado,Não existe,R-6a,Dupla,Canteiro central,2022,3,23,2,0
COM VÍTIMA,FINALIZADA,PARNAMIRIM,PARNAMIRIM,CIDADE,COLISÃO TRANSVERSAL,0.0,0.0,0.0,0.0,0.0,0.0,0.0,0.0,0.0,Longo da via,Bom,Não existe,Ilegível,Seca,Perfeito estado,Outros,R-6a,Dupla,Não existe,2021,10,4,0,0
SEM VÍTIMA,FINALIZADA,SANTO AMARO,SANTO AMARO,Não informado,COLISÃO LATERAL,0.0,0.0,0.0,0.0,0.0,0.0,0.0,0.0,0.0,Longo da via,Bom,Não existe,Perfeito estado,Seca,Perfeito estado,Não existe,Não há placas,Dupla,Faixa contínua,2021,1,14,3,0
SEM VÍTIMA,FINALIZADA,IBURA,IBURA,CIDADE,COLISÃO,0.0,0.0,0.0,0.0,0.0,0.0,0.0,0.0,0.0,Longo da via,Bom,Não existe,Perfeito estado,Seca,Perfeito estado,Não existe,Outras,Dupla,Faixa contínua,2020,6,16,1,0
Não informado,FINALIZADA,IBURA,IBURA,Não informado,COLISÃO FRONTAL,2.0,0.0,0.0,0.0,0.0,0.0,0.0,0.0,0.0,Não informado,Não informado,Não informado,Não informado,Não informado,Não informado,Não informado,Não informado,Não informado,Não informado,2022,4,29,4,1
COM VÍTIMA,FINALIZADA,SÃO JOSÉ,SÃO JOSÉ,SUBURBIO,COLISÃO LATERAL,0.0,0.0,0.0,0.0,0.0,0.0,0.0,0.0,0.0,Cruzamento,Bom,Não existe,Perfeito estado,Seca,Perfeito estado,Não existe,Não há placas,Única,Faixa seccionada,2021,4,29,3,0
COM VÍTIMA,FINALIZADA,BEBERIBE,BEBERIBE,Não informado,COLISÃO TRASEIRA,0.0,0.0,0.0,0.0,0.0,0.0,0.0,0.0,0.0,Não informado,Não informado,Não informado,Não informado,Não informado,Não informado,Não informado,Não informado,Não informado,Não informado,2021,11,11,3,0
COM VÍTIMA,CANCELADA,BARRO,BARRO,Não informado,COLISÃO LATERAL,0.0,0.0,0.0,0.0,0.0,0.0,0.0,0.0,0.0,Não informado,Não informado,Não informado,Não informado,Não informado,Não informado,Não informado,Não informado,Não informado,Não informado,2021,8,25,2,0
SEM VÍTIMA,FINALIZADA,PINA,PINA,C,ABALROAMENTO LONGITUDINAL,0.0,0.0,0.0,0.0,0.0,0.0,0.0,0.0,0.0,Cruzamento,Bom,Sem defeito,Perfeito estado,Seca,Perfeito estado,Faixa de pedestre,Não há placas,Única,Faixa seccionada,2020,5,28,3,0
COM VÍTIMA,FINALIZADA,IPSEP,IPSEP,Não informado,ATROPELAMENTO DE PESSOA,0.0,0.0,0.0,0.0,0.0,0.0,0.0,0.0,0.0,Longo da via,Bom,Não existe,Ilegível,Seca,Mal iluminada,Não existe,R-6a,Dupla,Faixa seccionada,2021,11,17,2,0
SEM VÍTIMA,FINALIZADA,IPSEP,IPSEP,Não informado,ABALROAMENTO TRANSVERSAL,0.0,0.0,0.0,0.0,0.0,0.0,0.0,0.0,0.0,Cruzamento,Bom,Sem defeito,Perfeito estado,Seca,Perfeito estado,Faixa de pedestre,Não informado,Dupla,Faixa contínua,2020,1,9,3,0
COM VÍTIMA,CANCELADA,IBURA,IBURA,Não informado,COLISÃO,0.0,0.0,0.0,0.0,0.0,0.0,0.0,0.0,0.0,Não informado,Não informado,Não informado,Não informado,Não informado,Não informado,Não informado,Não informado,Não informado,Não informado,2020,12,21,0,0
Não informado,FINALIZADA,ÁGUA FRIA,ÁGUA FRIA,SUBURBIO,COLISÃO LATERAL,1.0,1.0,0.0,0.0,0.0,0.0,0.0,0.0,0.0,Longo da via,Bom,Não existe,Perfeito estado,Seca,Perfeito estado,Faixa de pedestre,Não há placas,Dupla,Faixa contínua,2022,10,10,0,1
COM VÍTIMA,FINALIZADA,DOIS UNIDOS,DOIS UNIDOS,SUBURBIO,COLISÃO TRASEIRA,0.0,0.0,0.0,0.0,0.0,0.0,0.0,0.0,0.0,Longo da via,Bom,Não existe,Perfeito estado,Seca,Perfeito estado,Não existe,Não há placas,Dupla,Não existe,2020,7,28,1,0
COM VÍTIMA,FINALIZADA,CAMPO GRANDE,CAMPO GRANDE,CIDADE,ATROPELAMENTO DE PESSOA,0.0,0.0,0.0,0.0,0.0,0.0,0.0,0.0,0.0,Cruzamento,Bom,Sem defeito,Perfeito estado,Seca,Perfeito estado,Faixa de pedestre,Não informado,Dupla,Canal,2021,4,12,0,0
COM VÍTIMA,FINALIZADA,BOA VIAGEM,BOA VIAGEM,SUBURBIO,COLISÃO FRONTAL,0.0,0.0,0.0,0.0,0.0,0.0,0.0,0.0,0.0,Cruzamento,Chuvoso,Não existe,Perfeito estado,Molhada,Perfeito estado,Faixa de pedestre,"Placas ""Pare""",Única,Faixa seccionada,2021,8,2,0,0
SEM VÍTIMA,CANCELADA,IPSEP,IPSEP,Não informado,COLISÃO,0.0,0.0,0.0,0.0,0.0,0.0,0.0,0.0,0.0,Não informado,Não informado,Não informado,Não informado,Não informado,Não informado,Não informado,Não informado,Não informado,Não informado,2020,2,1,5,0
COM VÍTIMA,CANCELADA,TORRE,TORRE,Não informado,COLISÃO TRANSVERSAL,0.0,0.0,0.0,0.0,0.0,0.0,0.0,0.0,0.0,Não informado,Não informado,Não informado,Não informado,Não informado,Não informado,Não informado,Não informado,Não informado,Não informado,2021,7,17,5,0
COM VÍTIMA,FINALIZADA,TORRÕES,TORRÕES,SUBURBIO,COLISÃO COM CICLISTA,0.0,0.0,0.0,0.0,0.0,0.0,0.0,0.0,0.0,Longo da via,Bom,Não existe,Incompleta,Seca,Perfeito estado,Não existe,Não há placas,Dupla,Não existe,2021,12,11,5,0
COM VÍTIMA,FINALIZADA,MADALENA,MADALENA,CIDADE,COLISÃO LATERAL,0.0,0.0,0.0,0.0,0.0,0.0,0.0,0.0,0.0,Longo da via,Bom,Sem defeito,Perfeito estado,Seca,Perfeito estado,Não existe,Não informado,Dupla,Faixa contínua,2021,9,3,4,0
Não informado,FINALIZADA,VÁRZEA,VÁRZEA,Não informado,ATROPELAMENTO DE PESSOA,1.0,0.0,0.0,0.0,1.0,0.0,0.0,0.0,0.0,Longo da via,Bom,Sem defeito,Perfeito estado,Seca,Perfeito estado,Não informado,R-6a,Dupla,Faixa contínua,2022,1,16,6,1
COM VÍTIMA,FINALIZADA,IPUTINGA,IPUTINGA,SUBURBIO,ATROPELAMENTO,0.0,0.0,0.0,0.0,0.0,0.0,0.0,0.0,0.0,Longo da via,Bom,Não existe,Ilegível,Seca,Mal conservada,Não existe,Não informado,Dupla,Não existe,2020,10,24,5,0
Não informado,FINALIZADA,IMBIRIBEIRA,IMBIRIBEIRA,Não informado,COLISÃO TRASEIRA,1.0,1.0,0.0,0.0,0.0,0.0,0.0,0.0,0.0,Longo da via,Bom,Não existe,Perfeito estado,Seca,Perfeito estado,Não existe,Não há placas,Única,Faixa seccionada,2022,12,27,1,1
SEM VÍTIMA,FINALIZADA,ENCRUZILHADA,ENCRUZILHADA,SUBURBIO,COLISÃO,0.0,0.0,0.0,0.0,0.0,0.0,0.0,0.0,0.0,Não informado,Não informado,Não informado,Não informado,Não informado,Não informado,Não informado,Não informado,Não informado,Não informado,2020,9,28,0,0
Não informado,FINALIZADA,BAIRRO DO RECIFE,BAIRRO DO RECIFE,SUBURBIO,COLISÃO FRONTAL,1.0,1.0,0.0,0.0,0.0,0.0,0.0,0.0,0.0,Longo da via,Bom,Não existe,Ilegível,Seca,Perfeito estado,Não existe,Não há placas,Única,Faixa seccionada,2022,4,23,5,1
COM VÍTIMA,FINALIZADA,IMBIRIBEIRA,IMBIRIBEIRA,CIDADE,ABALROAMENTO LONGITUDINAL,0.0,0.0,0.0,0.0,0.0,0.0,0.0,0.0,0.0,Ponte,Bom,Não existe,Incompleta,Seca,Perfeito estado,Não existe,Outras,Dupla,Canteiro central,2020,4,4,5,0
COM VÍTIMA,FINALIZADA,MADALENA,MADALENA,SUBURBIO,ATROPELAMENTO DE PESSOA,0.0,0.0,0.0,0.0,0.0,0.0,0.0,0.0,0.0,Outros,Bom,Não existe,Perfeito estado,Seca,Perfeito estado,Não existe,Não há placas,Dupla,Não existe,2021,3,2,1,0
Não informado,FINALIZADA,BOA VISTA,BOA VISTA,Não informado,COLISÃO TRASEIRA,2.0,0.0,0.0,0.0,0.0,0.0,0.0,0.0,0.0,Não informado,Não informado,Não informado,Não informado,Não informado,Não informado,Não informado,Não informado,Não informado,Não informado,2022,5,2,0,0
SEM VÍTIMA,FINALIZADA,CAMPO GRANDE,CAMPO GRANDE,Não informado,COLISÃO,0.0,0.0,0.0,0.0,0.0,0.0,0.0,0.0,0.0,Não informado,Não informado,Não informado,Não informado,Não informado,Não informado,Não informado,Não informado,Não informado,Não informado,2020,12,15,1,0
SEM VÍTIMA,FINALIZADA,ÁGUA FRIA,ÁGUA FRIA,SUBURBIO,ABALROAMENTO LONGITUDINAL,0.0,0.0,0.0,0.0,0.0,0.0,0.0,0.0,0.0,Longo da via,Bom,Não existe,Perfeito estado,Seca,Perfeito estado,Não existe,Não há placas,Dupla,Faixa contínua,2020,1,6,0,0
COM VÍTIMA,FINALIZADA,BONGI,BONGI,CIDADE,COLISÃO FRONTAL,0.0,0.0,0.0,0.0,0.0,0.0,0.0,0.0,0.0,Longo da via,Bom,Sem defeito,Perfeito estado,Seca,Perfeito estado,Não existe,Não há placas,Dupla,Faixa seccionada,2021,8,16,0,0
SEM VÍTIMA,FINALIZADA,ESPINHEIRO,ESPINHEIRO,SUBURBIO,CHOQUE OBJETO FIXO,0.0,0.0,0.0,0.0,0.0,0.0,0.0,0.0,0.0,Longo da via,Bom,Não existe,Incompleta,Seca,Perfeito estado,Não existe,R-6a,Única,Não existe,2020,3,13,4,0
Não informado,FINALIZADA,MADALENA,MADALENA,CIDADE,COLISÃO TRASEIRA,3.0,0.0,0.0,0.0,0.0,0.0,0.0,0.0,0.0,Longo da via,Bom,Sem defeito,Perfeito estado,Seca,Perfeito estado,Outros,Não há placas,Dupla,Canteiro central,2022,5,26,3,0
COM VÍTIMA,FINALIZADA,CASA FORTE,CASA FORTE,SUBURBIO,COLISÃO FRONTAL,0.0,0.0,0.0,0.0,0.0,0.0,0.0,0.0,0.0,Cruzamento,Bom,Sem defeito,Perfeito estado,Seca,Perfeito estado,Agente,R-6a,Dupla,Faixa contínua,2020,11,4,2,0
SEM VÍTIMA,FINALIZADA,SANTO AMARO,SANTO AMARO,Não informado,ABALROAMENTO LONGITUDINAL,0.0,0.0,0.0,0.0,0.0,0.0,0.0,0.0,0.0,Longo da via,Bom,Sem defeito,Perfeito estado,Seca,Perfeito estado,Não existe,Não há placas,Dupla,Canteiro central,2020,2,24,0,0
COM VÍTIMA,FINALIZADA,PINA,PINA,CIDADE,CHOQUE,0.0,0.0,0.0,0.0,0.0,0.0,0.0,0.0,0.0,Longo da via,Bom,Não existe,Perfeito estado,Seca,Perfeito estado,Não existe,Outras,Única,Faixa contínua,2021,12,9,3,0
SEM VÍTIMA,CANCELADA,CÓRREGO DO JENIPAPO,CÓRREGO DO JENIPAPO,Não informado,COLISÃO,0.0,0.0,0.0,0.0,0.0,0.0,0.0,0.0,0.0,Não informado,Não informado,Não informado,Não informado,Não informado,Não informado,Não informado,Não informado,Não informado,Não informado,2020,1,5,6,0
Não informado,FINALIZADA,AFOGADOS,AFOGADOS,Não informado,COLISÃO LATERAL,1.0,1.0,0.0,0.0,0.0,0.0,0.0,0.0,0.0,Longo da via,Bom,Não existe,Incompleta,Seca,Perfeito estado,Não existe,Não há placas,Dupla,Não existe,2022,11,19,5,1
COM VÍTIMA,FINALIZADA,CORDEIRO,CORDEIRO,CIDADE,COLISÃO TRASEIRA,0.0,0.0,0.0,0.0,0.0,0.0,0.0,0.0,0.0,Longo da via,Bom,Não existe,Perfeito estado,Seca,Perfeito estado,Não existe,R-6a,Dupla,Canteiro central,2021,4,6,1,0
COM VÍTIMA,FINALIZADA,COELHOS,COELHOS,CIDADE,ATROPELAMENTO,0.0,0.0,0.0,0.0,0.0,0.0,0.0,0.0,0.0,Longo da via,Bom,Sem defeito,Perfeito estado,Seca,Não informado,Faixa de pedestre,Outras,Dupla,Faixa contínua,2020,1,17,4,0
COM VÍTIMA,FINALIZADA,CORDEIRO,CORDEIRO,SUBURBIO,TOMBAMENTO,0.0,0.0,0.0,0.0,0.0,0.0,0.0,0.0,0.0,Longo da via,Chuvoso,Sem defeito,Perfeito estado,Seca,Perfeito estado,Faixa de pedestre,R-6a,Dupla,Canteiro central,2020,1,24,4,0
COM VÍTIMA,FINALIZADA,SANTO AMARO,SANTO AMARO,SUBURBIO,COLISÃO TRASEIRA,0.0,0.0,0.0,0.0,0.0,0.0,0.0,0.0,0.0,Longo da via,Bom,Não existe,Perfeito estado,Seca,Perfeito estado,Não existe,R-6a,Única,Faixa seccionada,2021,10,18,0,0
SEM VÍTIMA,FINALIZADA,BOA VIAGEM,BOA VIAGEM,SUBURBIO,CHOQUE VEÍCULO PARADO,0.0,0.0,0.0,0.0,0.0,0.0,0.0,0.0,0.0,Longo da via,Bom,Não existe,Perfeito estado,Seca,Perfeito estado,Não existe,Placas Pare,Única,Não existe,2020,8,16,6,0
Não informado,FINALIZADA,SÃO JOSÉ,SÃO JOSÉ,CIDADE,COLISÃO LATERAL,1.0,1.0,0.0,0.0,0.0,0.0,0.0,0.0,0.0,Cruzamento,Bom,Sem defeito,Não informado,Seca,Perfeito estado,Não informado,Não há placas,Única,Não informado,2022,11,18,4,1
SEM VÍTIMA,CANCELADA,AFOGADOS,AFOGADOS,SUBURBIO,COLISÃO TRASEIRA,0.0,0.0,0.0,0.0,0.0,0.0,0.0,0.0,0.0,Não informado,Não informado,Não informado,Não informado,Não informado,Não informado,Não informado,Não informado,Não informado,Não informado,2021,11,2,1,0
Não informado,FINALIZADA,AREIAS,AREIAS,Não informado,CHOQUE,1.0,0.0,0.0,0.0,0.0,0.0,0.0,0.0,0.0,Longo da via,Chuvoso,Sem defeito,Perfeito estado,Molhada,Perfeito estado,Faixa de pedestre,Não há placas,Dupla,Faixa contínua,2022,1,14,4,0
SEM VÍTIMA,FINALIZADA,BOA VIAGEM,BOA VIAGEM,SUBURBIO,ABALROAMENTO LONGITUDINAL,0.0,0.0,0.0,0.0,0.0,0.0,0.0,0.0,0.0,Longo da via,Bom,Não existe,Perfeito estado,Seca,Perfeito estado,Não existe,Placas Pare,Dupla,Faixa seccionada,2020,1,20,0,0
Não informado,FINALIZADA,SANTO AMARO,SANTO AMARO,Não informado,COLISÃO LATERAL,1.0,1.0,0.0,0.0,0.0,0.0,0.0,0.0,0.0,Cruzamento,Bom,Sem defeito,Perfeito estado,Seca,Perfeito estado,Faixa de pedestre,Não há placas,Dupla,Faixa,2022,9,19,0,1
COM VÍTIMA,FINALIZADA,IPSEP,IPSEP,SUBURBIO,CAPOTAMENTO,0.0,0.0,0.0,0.0,0.0,0.0,0.0,0.0,0.0,Longo da via,Chuvoso,Não existe,Perfeito estado,Seca,Perfeito estado,Não existe,Não há placas,Dupla,Faixa contínua,2021,6,4,4,0
SEM VÍTIMA,FINALIZADA,AFOGADOS,AFOGADOS,SUBURBIO,COLISÃO TRASEIRA,0.0,0.0,0.0,0.0,0.0,0.0,0.0,0.0,0.0,Longo da via,Bom,Não existe,Perfeito estado,Seca,Perfeito estado,Não existe,Outras,Única,Não existe,2020,2,21,4,0
SEM VÍTIMA,FINALIZADA,VÁRZEA,VÁRZEA,Não informado,COLISÃO LATERAL,0.0,0.0,0.0,0.0,0.0,0.0,0.0,0.0,0.0,Não informado,Não informado,Não informado,Não informado,Não informado,Não informado,Não informado,Não informado,Não informado,Não informado,2021,9,18,5,0
VÍTIMA FATAL,FINALIZADA,JOANA BEZERRA,JOANA BEZERRA,CIDADE,COLISÃO COM CICLISTA,0.0,0.0,0.0,0.0,0.0,0.0,0.0,0.0,0.0,Viaduto,Chuvoso,Não existe,Perfeito estado,Molhada,Perfeito estado,Não existe,R-19,Única,Faixa contínua,2020,6,19,4,0
COM VÍTIMA,FINALIZADA,MUSTARDINHA,MUSTARDINHA,SUBURBIO,COLISÃO TRASEIRA,0.0,0.0,0.0,0.0,0.0,0.0,0.0,0.0,0.0,Longo da via,Bom,Não existe,Perfeito estado,Seca,Mal iluminada,Não existe,Não há placas,Dupla,Faixa seccionada,2021,11,14,6,0
SEM VÍTIMA,FINALIZADA,BOA VIAGEM,BOA VIAGEM,SUBURBIO,ABALROAMENTO TRANSVERSAL,0.0,0.0,0.0,0.0,0.0,0.0,0.0,0.0,0.0,Cruzamento,Bom,Não existe,Perfeito estado,Seca,Perfeito estado,Faixa de pedestre,Placas Pare,Única,Não existe,2020,2,23,6,0
Não informado,FINALIZADA,BOA VISTA,BOA VISTA,Não informado,ATROPELAMENTO DE PESSOA,1.0,0.0,0.0,0.0,1.0,0.0,0.0,0.0,0.0,Cruzamento,Bom,Sem defeito,Perfeito estado,Seca,Perfeito estado,Não informado,Outras,Dupla,Canteiro central,2022,8,31,2,1
COM VÍTIMA,FINALIZADA,SANTO AMARO,SANTO AMARO,CIDADE,COLISÃO TRASEIRA,0.0,0.0,0.0,0.0,0.0,0.0,0.0,0.0,0.0,Longo da via,Bom,Sem defeito,Perfeito estado,Seca,Perfeito estado,Não existe,Não há placas,Dupla,Blocos,2021,12,28,1,0
COM VÍTIMA,FINALIZADA,AFOGADOS,AFOGADOS,Não informado,COLISÃO LATERAL,0.0,0.0,0.0,0.0,0.0,0.0,0.0,0.0,0.0,Não informado,Não informado,Não informado,Não informado,Não informado,Não informado,Não informado,Não informado,Não informado,Não informado,2021,5,9,6,0
COM VÍTIMA,FINALIZADA,BOA VIAGEM,BOA VIAGEM,CIDADE,COLISÃO FRONTAL,0.0,0.0,0.0,0.0,0.0,0.0,0.0,0.0,0.0,Longo da via,Bom,Não existe,Perfeito estado,Seca,Perfeito estado,Não existe,Outras,Dupla,Faixa seccionada,2020,7,21,1,0
COM VÍTIMA,FINALIZADA,BOA VIAGEM,BOA VIAGEM,SUBURBIO,COLISÃO LATERAL,0.0,0.0,0.0,0.0,0.0,0.0,0.0,0.0,0.0,Cruzamento,Bom,Não existe,Perfeito estado,Seca,Perfeito estado,Não existe,R-6a,Dupla,Não existe,2021,7,2,4,0
SEM VÍTIMA,FINALIZADA,BOA VIAGEM,BOA VIAGEM,SUBURBIO,ABALROAMENTO TRANSVERSAL,0.0,0.0,0.0,0.0,0.0,0.0,0.0,0.0,0.0,Cruzamento,Bom,Sem defeito,Perfeito estado,Seca,Perfeito estado,Faixa de pedestre,R-6a,Única,Canteiro central,2020,1,4,5,0
SEM VÍTIMA,FINALIZADA,BOA VISTA,BOA VISTA,SUBURBIO,ABALROAMENTO LONGITUDINAL,0.0,0.0,0.0,0.0,0.0,0.0,0.0,0.0,0.0,Cruzamento,Bom,Sem defeito,Perfeito estado,Seca,Perfeito estado,Outros,R-6a,Única,Não existe,2020,3,14,5,0
COM VÍTIMA,FINALIZADA,MADALENA,MADALENA,SUBURBIO,ABALROAMENTO TRANSVERSAL,0.0,0.0,0.0,0.0,0.0,0.0,0.0,0.0,0.0,Esquina,Chuvoso,Não existe,Não informado,Molhada,Perfeito estado,Não informado,Placas Pare,Não informado,Não informado,2020,6,13,5,0
Não informado,FINALIZADA,TEJIPIÓ,TEJIPIÓ,CIDADE,COLISÃO LATERAL,1.0,1.0,0.0,0.0,0.0,0.0,0.0,0.0,0.0,Longo da via,Bom,Não existe,Incompleta,Seca,Perfeito estado,Não existe,Não há placas,Dupla,Não existe,2022,2,19,5,1
COM VÍTIMA,CANCELADA,BOA VIAGEM,BOA VIAGEM,Não informado,COLISÃO TRASEIRA,0.0,0.0,0.0,0.0,0.0,0.0,0.0,0.0,0.0,Não informado,Não informado,Não informado,Não informado,Não informado,Não informado,Não informado,Não informado,Não informado,Não informado,2021,12,17,4,0
COM VÍTIMA,FINALIZADA,ENCRUZILHADA,ENCRUZILHADA,SUBURBIO,ABALROAMENTO TRANSVERSAL,0.0,0.0,0.0,0.0,0.0,0.0,0.0,0.0,0.0,Cruzamento,Chuvoso,Sem defeito,Perfeito estado,Molhada,Perfeito estado,Não informado,Não informado,Dupla,Não informado,2020,5,29,4,0
COM VÍTIMA,FINALIZADA,IMBIRIBEIRA,IMBIRIBEIRA,CIDADE,ATROPELAMENTO DE PESSOA,0.0,0.0,0.0,0.0,0.0,0.0,0.0,0.0,0.0,Cruzamento,Chuvoso,Sem defeito,Perfeito estado,Molhada,Perfeito estado,Faixa de pedestre,Não há placas,Dupla,Faixa contínua,2021,5,3,0,0
SEM VÍTIMA,FINALIZADA,BOA VIAGEM,BOA VIAGEM,SUBURBIO,COLISÃO TRASEIRA,0.0,0.0,0.0,0.0,0.0,0.0,0.0,0.0,0.0,Longo da via,Bom,Sem defeito,Perfeito estado,Seca,Perfeito estado,Não existe,R-32,Única,Faixa seccionada,2020,2,4,1,0