natureza_acidente,situacao,bairro,bairro_cruzamento,sentido_via,tipo,auto,moto,ciclom,ciclista,pedestre,onibus,caminhao,viatura,outros,acidente_verificado,tempo_clima,situacao_semaforo,sinalizacao,condicao_via,conservacao_via,ponto_controle,situacao_placa,mao_direcao,divisao_via1,ano,mes,dia,dia_semana,vitima
COM VÍTIMA,FINALIZADA,CAMPO GRANDE,CAMPO GRANDE,Não informado,CHOQUE OBJETO FIXO,0.0,0.0,0.0,0.0,0.0,0.0,0.0,0.0,0.0,Cruzamento,Bom,Não existe,Perfeito estado,Seca,Perfeito estado,Faixa de pedestre,Não há placas,Dupla,Faixa contínua,2020,3,29,6,0
COM VÍTIMA,FINALIZADA,MADALENA,MADALENA,Não informado,COLISÃO COM CICLISTA,0.0,0.0,0.0,0.0,0.0,0.0,0.0,0.0,0.0,Longo da via,Bom,Não existe,Perfeito estado,Seca,Perfeito estado,Faixa de pedestre,Não há placas,Única,Canteiro central,2020,11,27,4,0
Não informado,FINALIZADA,IPSEP,IPSEP,SUBURBIO,QUEDA,0.0,1.0,0.0,0.0,0.0,0.0,0.0,0.0,0.0,Longo da via,Bom,Sem defeito,Perfeito estado,Seca,Perfeito estado,Não existe,R-4a,Dupla,Faixa contínua,2022,3,29,1,1
Não informado,FINALIZADA,IMBIRIBEIRA,IMBIRIBEIRA,SUBURBIO,COLISÃO TRANSVERSAL,1.0,1.0,0.0,0.0,0.0,0.0,0.0,0.0,0.0,Cruzamento,Bom,Intermitente,Perfeito estado,Seca,Perfeito estado,Não existe,R-19,Única,Faixa seccionada,2022,4,13,2,1
COM VÍTIMA,FINALIZADA,ARRUDA,ARRUDA,Não informado,COLISÃO,0.0,0.0,0.0,0.0,0.0,0.0,0.0,0.0,0.0,Não informado,Não informado,Não informado,Não informado,Não informado,Não informado,Não informado,Não informado,Não informado,Não informado,2020,9,19,5,0
Não informado,FINALIZADA,IPSEP,IPSEP,Não informado,COLISÃO LATERAL,2.0,0.0,0.0,0.0,0.0,0.0,0.0,0.0,0.0,Cruzamento,Chuvoso,Sem defeito,Perfeito estado,Molhada,Perfeito estado,Faixa de pedestre,Outras,Dupla,Faixa contínua,2022,7,25,0,1
COM VÍTIMA,FINALIZADA,ESPINHEIRO,ESPINHEIRO,SUBURBIO,ABALROAMENTO LONGITUDINAL,0.0,0.0,0.0,0.0,0.0,0.0,0.0,0.0,0.0,Cruzamento,Bom,Sem defeito,Perfeito estado,Seca,Perfeito estado,Não existe,R-6a,Única,Faixa seccionada,2020,10,17,5,0
COM VÍTIMA,FINALIZADA,BOA VIAGEM,BOA VIAGEM,CIDADE,COLISÃO LATERAL,0.0,0.0,0.0,0.0,0.0,0.0,0.0,0.0,0.0,Cruzamento,Bom,Sem defeito,Perfeito estado,Seca,Perfeito estado,Faixa de pedestre,Não informado,Única,Canteiro central,2021,8,17,1,0
SEM VÍTIMA,CANCELADA,AFLITOS,AFLITOS,Não informado,COLISÃO,0.0,0.0,0.0,0.0,0.0,0.0,0.0,0.0,0.0,Não informado,Não informado,Não informado,Não informado,Não informado,Não informado,Não informado,Não informado,Não informado,Não informado,2020,2,6,3,0
Não informado,FINALIZADA,MANGABEIRA,MANGABEIRA,CIDADE,COLISÃO TRANSVERSAL,1.0,1.0,0.0,0.0,0.0,0.0,0.0,0.0,0.0,Longo da via,Bom,Sem defeito,Perfeito estado,Seca,Perfeito estado,Faixa de pedestre,Não informado,Dupla,Faixa contínua,2022,7,29,4,1
Não informado,FINALIZADA,SÃO JOSÉ,SÃO JOSÉ,SUBURBIO,COLISÃO FRONTAL,1.0,1.0,0.0,0.0,0.0,0.0,0.0,0.0,0.0,Cruzamento,Bom,Não existe,Incompleta,Seca,Perfeito estado,Não existe,R-6a,Única,Faixa seccionada,2022,12,17,5,1
Não informado,FINALIZADA,IBURA,IBURA,CIDADE,COLISÃO TRANSVERSAL,1.0,1.0,0.0,0.0,0.0,0.0,0.0,0.0,0.0,Cruzamento,Bom,Sem defeito,Incompleta,Seca,Perfeito estado,Não existe,Não há placas,Dupla,Faixa contínua,2022,7,29,4,1
SEM VÍTIMA,CANCELADA,BOA VIAGEM,BOA VIAGEM,Não informado,COLISÃO LATERAL,0.0,0.0,0.0,0.0,0.0,0.0,0.0,0.0,0.0,Não informado,Não informado,Não informado,Não informado,Não informado,Não informado,Não informado,Não informado,Não informado,Não informado,2021,9,6,0,0
Não informado,FINALIZADA,CORDEIRO,CORDEIRO,SUBURBIO,COLISÃO LATERAL,1.0,1.0,0.0,0.0,0.0,0.0,0.0,0.0,0.0,Longo da via,Bom,Sem defeito,Perfeito estado,Seca,Perfeito estado,Faixa de retenção,R-5a,Dupla,Blocos,2022,4,10,6,1
Não informado,CANCELADA,BAIRRO DO RECIFE,BAIRRO DO RECIFE,Não informado,COLISÃO LATERAL,1.0,0.0,0.0,0.0,0.0,0.0,1.0,0.0,0.0,Não informado,Não informado,Não informado,Não informado,Não informado,Não informado,Não informado,Não informado,Não informado,Não informado,2022,1,19,2,1
SEM VÍTIMA,FINALIZADA,IMBIRIBEIRA,IMBIRIBEIRA,Não informado,CHOQUE,0.0,0.0,0.0,0.0,0.0,0.0,0.0,0.0,0.0,Não informado,Não informado,Não informado,Não informado,Não informado,Não informado,Não informado,Não informado,Não informado,Não informado,2020,11,8,6,0
COM VÍTIMA,FINALIZADA,CAMPO GRANDE,CAMPO GRANDE,CIDADE,ATROPELAMENTO,0.0,0.0,0.0,0.0,0.0,0.0,0.0,0.0,0.0,Longo da via,Bom,Sem defeito,Perfeito estado,Seca,Perfeito estado,Faixa de pedestre,Outras,Dupla,Faixa seccionada,2020,5,4,0,0
Não informado,FINALIZADA,BOA VIAGEM,BOA VIAGEM,SUBURBIO,COLISÃO TRASEIRA,2.0,0.0,0.0,0.0,0.0,0.0,0.0,1.0,0.0,Longo da via,Chuvoso,Sem defeito,Perfeito estado,Molhada,Perfeito estado,Faixa de pedestre,Não há placas,Única,Faixa contínua,2022,7,27,2,0
COM VÍTIMA,FINALIZADA,IPSEP,IPSEP,CIDADE,ABALROAMENTO TRANSVERSAL,0.0,0.0,0.0,0.0,0.0,0.0,0.0,0.0,0.0,Esquina,Bom,Desligado,Perfeito estado,Seca,Perfeito estado,Faixa de pedestre,Outras,Única,Faixa seccionada,2020,7,2,3,0
COM VÍTIMA,FINALIZADA,TEJIPIÓ,TEJIPIÓ,SUBURBIO,ABALROAMENTO TRANSVERSAL,0.0,0.0,0.0,0.0,0.0,0.0,0.0,0.0,0.0,Longo da via,Bom,Não informado,Incompleta,Seca,Mal conservada,Não existe,R-6a,Dupla,Não existe,2020,11,25,2,0
COM VÍTIMA,FINALIZADA,BOA VIAGEM,BOA VIAGEM,Não informado,COLISÃO LATERAL,0.0,0.0,0.0,0.0,0.0,0.0,0.0,0.0,0.0,Cruzamento,Bom,Sem defeito,Perfeito estado,Seca,Perfeito estado,Faixa de pedestre,R-6a,Única,Não informado,2021,12,8,2,0
Não informado,CANCELADA,TEJIPIÓ,TEJIPIÓ,Não informado,COLISÃO FRONTAL,1.0,1.0,0.0,0.0,0.0,0.0,0.0,0.0,0.0,Não informado,Não informado,Não informado,Não informado,Não informado,Não informado,Não informado,Não informado,Não informado,Não informado,2022,6,22,2,1
Não informado,FINALIZADA,IMBIRIBEIRA,IMBIRIBEIRA,CIDADE,COLISÃO LATERAL,1.0,1.0,0.0,0.0,0.0,0.0,0.0,0.0,0.0,Longo da via,Bom,Sem defeito,Perfeito estado,Seca,Perfeito estado,Outros,Outras,Única,Faixa seccionada,2022,3,21,0,1
SEM VÍTIMA,CANCELADA,SÃO JOSÉ,SÃO JOSÉ,Não informado,COLISÃO,0.0,0.0,0.0,0.0,0.0,0.0,0.0,0.0,0.0,Não informado,Não informado,Não informado,Não informado,Não informado,Não informado,Não informado,Não informado,Não informado,Não informado,2020,2,23,6,0
COM VÍTIMA,FINALIZADA,IMBIRIBEIRA,IMBIRIBEIRA,CIDADE,COLISÃO COM CICLISTA,0.0,0.0,0.0,0.0,0.0,0.0,0.0,0.0,0.0,Longo da via,Bom,Não existe,Perfeito estado,Seca,Perfeito estado,Não informado,"Placas ""Pare""",Única,Não informado,2021,10,17,6,0
SEM VÍTIMA,FINALIZADA,PINA,PINA,SUBURBIO,COLISÃO TRASEIRA,0.0,0.0,0.0,0.0,0.0,0.0,0.0,0.0,0.0,Longo da via,Bom,Sem defeito,Perfeito estado,Seca,Perfeito estado,Faixa de pedestre,R-6a,Única,Faixa contínua,2020,3,7,5,0
SEM VÍTIMA,FINALIZADA,SANTO AMARO,SANTO AMARO,CIDADE,ABALROAMENTO LONGITUDINAL,0.0,0.0,0.0,0.0,0.0,0.0,0.0,0.0,0.0,Longo da via,Bom,Sem defeito,Perfeito estado,Seca,Perfeito estado,Agente,Outras,Dupla,Faixa contínua,2020,2,27,3,0
COM VÍTIMA,FINALIZADA,AFOGADOS,AFOGADOS,SUBURBIO,COLISÃO FRONTAL,0.0,0.0,0.0,0.0,0.0,0.0,0.0,0.0,0.0,Cruzamento,Bom,Não existe,Não existente,Seca,Perfeito estado,Não existe,Não há placas,Única,Não existe,2021,8,3,1,0
SEM VÍTIMA,FINALIZADA,COQUEIRAL,COQUEIRAL,SUBURBIO,CHOQUE VEÍCULO PARADO,0.0,0.0,0.0,0.0,0.0,0.0,0.0,0.0,0.0,Longo da via,Bom,Não existe,Não informado,Seca,Perfeito estado,Não existe,Não há placas,Dupla,Não existe,2020,9,19,5,0
COM VÍTIMA,FINALIZADA,CASA FORTE,CASA FORTE,CIDADE,CHOQUE,0.0,0.0,0.0,0.0,0.0,0.0,0.0,0.0,0.0,Longo da via,Bom,Sem defeito,Perfeito estado,Seca,Perfeito estado,Não existe,Outras,Dupla,Faixa contínua,2021,4,20,1,0
Não informado,FINALIZADA,PORTO DA MADEIRA,PORTO DA MADEIRA,SUBURBIO,COLISÃO TRANSVERSAL,1.0,0.0,0.0,0.0,0.0,1.0,0.0,0.0,0.0,Longo da via,Bom,Não existe,Incompleta,Seca,Perfeito estado,Não existe,Não há placas,Dupla,Faixa seccionada,2022,5,3,1,1
COM VÍTIMA,FINALIZADA,MADALENA,MADALENA,CIDADE,COLISÃO LATERAL,0.0,0.0,0.0,0.0,0.0,0.0,0.0,0.0,0.0,Longo da via,Bom,Não existe,Perfeito estado,Seca,Perfeito estado,Não existe,Não há placas,Única,Faixa seccionada,2021,8,31,1,0
COM VÍTIMA,FINALIZADA,SANTO AMARO,SANTO AMARO,OLINDA,COLISÃO TRASEIRA,0.0,0.0,0.0,0.0,0.0,0.0,0.0,0.0,0.0,Longo da via,Bom,Sem defeito,Perfeito estado,Seca,Perfeito estado,Faixa de pedestre,Não há placas,Única,Faixa seccionada,2020,2,20,3,0
SEM VÍTIMA,FINALIZADA,BOA VISTA,BOA VISTA,Não informado,COLISÃO TRASEIRA,0.0,0.0,0.0,0.0,0.0,0.0,0.0,0.0,0.0,Longo da via,Bom,Sem defeito,Perfeito estado,Seca,Perfeito estado,Não existe,R-6b,Única,Não existe,2020,2,24,0,0
Não informado,FINALIZADA,DERBY,DERBY,SUBURBIO,COLISÃO TRASEIRA,1.0,0.0,0.0,0.0,0.0,1.0,0.0,0.0,0.0,Cruzamento,Chuvoso,Sem defeito,Perfeito estado,Molhada,Perfeito estado,Não informado,R-26,Única,Faixa contínua,2022,8,3,2,1
Não informado,FINALIZADA,CAXANGÁ,CAXANGÁ,SUBURBIO,COLISÃO LATERAL,1.0,1.0,0.0,0.0,0.0,0.0,0.0,0.0,0.0,Longo da via,Bom,Sem defeito,Perfeito estado,Seca,Perfeito estado,Faixa de pedestre,Não há placas,Dupla,Canteiro central,2022,10,7,4,1
Não informado,FINALIZADA,APIPUCOS,APIPUCOS,Não informado,COLISÃO TRASEIRA,0.0,1.0,0.0,0.0,0.0,0.0,1.0,0.0,0.0,Longo da via,Bom,Sem defeito,Perfeito estado,Seca,Perfeito estado,Agente,Não há placas,Dupla,Faixa contínua,2022,3,3,3,1
SEM VÍTIMA,FINALIZADA,PRADO,PRADO,CIDADE,COLISÃO TRASEIRA,0.0,0.0,0.0,0.0,0.0,0.0,0.0,0.0,0.0,Longo da via,Bom,Sem defeito,Perfeito estado,Seca,Perfeito estado,Faixa de pedestre,Outras,Única,Faixa contínua,2020,1,16,3,0
Não informado,CANCELADA,AREIAS,AREIAS,SUBURBIO,COLISÃO COM CICLISTA,0.0,1.0,0.0,1.0,0.0,0.0,0.0,0.0,0.0,Não informado,Não informado,Não informado,Não informado,Não informado,Não informado,Não informado,Não informado,Não informado,Não informado,2022,9,23,4,1
COM VÍTIMA,FINALIZADA,ARRUDA,ARRUDA,SUBURBIO,COLISÃO TRASEIRA,0.0,0.0,0.0,0.0,0.0,0.0,0.0,0.0,0.0,Longo da via,Bom,Não existe,Perfeito estado,Seca,Perfeito estado,Não informado,Não há placas,Dupla,Não informado,2020,10,15,3,0
SEM VÍTIMA,FINALIZADA,CIDADE UNIVERSITÁRIA,CIDADE UNIVERSITÁRIA,Não informado,COLISÃO LATERAL,0.0,0.0,0.0,0.0,0.0,0.0,0.0,0.0,0.0,Não informado,Não informado,Não informado,Não informado,Não informado,Não informado,Não informado,Não informado,Não informado,Não informado,2021,6,12,5,0
COM VÍTIMA,FINALIZADA,IPUTINGA,IPUTINGA,Não informado,ABALROAMENTO LONGITUDINAL,0.0,0.0,0.0,0.0,0.0,0.0,0.0,0.0,0.0,Cruzamento,Bom,Não existe,Perfeito estado,Seca,Perfeito estado,Não existe,Placas Pare,Não informado,Não informado,2020,10,8,3,0
VÍTIMA FATAL,FINALIZADA,BOA VIAGEM,BOA VIAGEM,CIDADE,QUEDA,0.0,0.0,0.0,0.0,0.0,0.0,0.0,0.0,0.0,Longo da via,Bom,Não existe,Perfeito estado,Seca,Perfeito estado,Não existe,Não há placas,Única,Faixa seccionada,2021,7,1,3,0
COM VÍTIMA,FINALIZADA,CASA AMARELA,CASA AMARELA,EMBAIXADA CHINESA,COLISÃO LATERAL,0.0,0.0,0.0,0.0,0.0,0.0,0.0,0.0,0.0,Longo da via,Bom,Não existe,Perfeito estado,Seca,Perfeito estado,Não existe,"Placas ""Pare""",Dupla,Faixa seccionada,2021,12,14,1,0
SEM VÍTIMA,FINALIZADA,ENGENHO DO MEIO,ENGENHO DO MEIO,SUBURBIO,ABALROAMENTO LONGITUDINAL,0.0,0.0,0.0,0.0,0.0,0.0,0.0,0.0,0.0,Cruzamento,Bom,Não existe,Não informado,Seca,Não informado,Não existe,Placas Pare,Dupla,Não existe,2020,1,2,3,0
COM VÍTIMA,CANCELADA,JORDÃO,JORDÃO,Não informado,COLISÃO,0.0,0.0,0.0,0.0,0.0,0.0,0.0,0.0,0.0,Não informado,Não informado,Não informado,Não informado,Não informado,Não informado,Não informado,Não informado,Não informado,Não informado,2020,10,19,0,0
COM VÍTIMA,FINALIZADA,BOA VISTA,BOA VISTA,RUA DO HOSPÍCIO,ABALROAMENTO TRANSVERSAL,0.0,0.0,0.0,0.0,0.0,0.0,0.0,0.0,0.0,Cruzamento,Chuvoso,Sem defeito,Perfeito estado,Seca,Perfeito estado,Outros,Outras,Única,Faixa seccionada,2020,4,4,5,0
COM VÍTIMA,FINALIZADA,TAMARINEIRA,TAMARINEIRA,Não informado,COLISÃO,0.0,0.0,0.0,0.0,0.0,0.0,0.0,0.0,0.0,Não informado,Não informado,Não informado,Não informado,Não informado,Não informado,Não informado,Não informado,Não informado,Não informado,2020,9,13,6,0
SEM VÍTIMA,CANCELADA,IPSEP,IPSEP,Não informado,CHOQUE OBJETO FIXO,0.0,0.0,0.0,0.0,0.0,0.0,0.0,0.0,0.0,Não informado,Não informado,Não informado,Não informado,Não informado,Não informado,Não informado,Não informado,Não informado,Não informado,2020,2,19,2,0
Não informado,FINALIZADA,ENCRUZILHADA,ENCRUZILHADA,CIDADE,COLISÃO TRASEIRA,1.0,1.0,0.0,0.0,0.0,0.0,0.0,0.0,0.0,Cruzamento,Bom,Sem defeito,Perfeito estado,Seca,Perfeito estado,Faixa de pedestre,Outras,Dupla,Faixa contínua,2022,10,1,5,1
Não informado,FINALIZADA,SAN MARTIN,SAN MARTIN,SUL,COLISÃO COM CICLISTA,1.0,0.0,0.0,1.0,0.0,0.0,0.0,0.0,0.0,Longo da via,Bom,Não existe,Perfeito estado,Seca,Perfeito estado,Não existe,Não há placas,Dupla,Faixa seccionada,2022,6,15,2,1
COM VÍTIMA,FINALIZADA,PINA,PINA,CIDADE,ABALROAMENTO TRANSVERSAL,0.0,0.0,0.0,0.0,0.0,0.0,0.0,0.0,0.0,Longo da via,Bom,Não existe,Perfeito estado,Seca,Perfeito estado,Não existe,Não há placas,Dupla,Faixa seccionada,2020,12,2,2,0
COM VÍTIMA,FINALIZADA,ARRUDA,ARRUDA,SUBURBIO,COLISÃO COM CICLISTA,0.0,0.0,0.0,0.0,0.0,0.0,0.0,0.0,0.0,Longo da via,Chuvoso,Não existe,Perfeito estado,Seca,Perfeito estado,Não existe,R-6a,Única,Faixa seccionada,2020,10,5,0,0
COM VÍTIMA,FINALIZADA,IMBIRIBEIRA,IMBIRIBEIRA,AEROPORTO,COLISÃO TRASEIRA,0.0,0.0,0.0,0.0,0.0,0.0,0.0,0.0,0.0,Longo da via,Bom,Sem defeito,Perfeito estado,Seca,Perfeito estado,Faixa de pedestre,R-6a,Única,Faixa contínua,2021,3,6,5,0
SEM VÍTIMA,CANCELADA,TORRE,TORRE,Não informado,COLISÃO,0.0,0.0,0.0,0.0,0.0,0.0,0.0,0.0,0.0,Não informado,Não informado,Não informado,Não informado,Não informado,Não informado,Não informado,Não informado,Não informado,Não informado,2020,2,3,0,0
SEM VÍTIMA,FINALIZADA,SAN MARTIN,SAN MARTIN,SUBURBIO,COLISÃO TRASEIRA,0.0,0.0,0.0,0.0,0.0,0.0,0.0,0.0,0.0,Longo da via,Bom,Não existe,Perfeito estado,Seca,Perfeito estado,Não existe,Não há placas,Dupla,Não existe,2020,6,9,1,0
SEM VÍTIMA,FINALIZADA,BOA VISTA,BOA VISTA,SUBURBIO,COLISÃO TRASEIRA,0.0,0.0,0.0,0.0,0.0,0.0,0.0,0.0,0.0,Longo da via,Bom,Sem defeito,Perfeito estado,Seca,Perfeito estado,Faixa de pedestre,Não informado,Única,Faixa seccionada,2020,2,29,5,0
Não informado,FINALIZADA,VÁRZEA,VÁRZEA,CIDADE,COLISÃO TRANSVERSAL,1.0,1.0,0.0,0.0,0.0,0.0,0.0,0.0,0.0,Longo da via,Bom,Não existe,Perfeito estado,Seca,Perfeito estado,Não existe,Outras,Dupla,Faixa contínua,2022,1,19,2,1
Não informado,FINALIZADA,ESPINHEIRO,ESPINHEIRO,SUBURBIO,COLISÃO TRANSVERSAL,1.0,0.0,0.0,0.0,0.0,1.0,0.0,0.0,0.0,Cruzamento,Bom,Não existe,Ilegível,Seca,Perfeito estado,Não existe,Não há placas,Única,Não existe,2022,2,28,0,1
COM VÍTIMA,FINALIZADA,BOA VISTA,BOA VISTA,SUBURBIO,COLISÃO TRANSVERSAL,0.0,0.0,0.0,0.0,0.0,0.0,0.0,0.0,0.0,Cruzamento,Bom,Sem defeito,Perfeito estado,Seca,Perfeito estado,Faixa de pedestre,Outras,Dupla,Canteiro central,2021,10,15,4,0
Não informado,FINALIZADA,IPUTINGA,IPUTINGA,Não informado,QUEDA,0.0,1.0,0.0,0.0,0.0,0.0,0.0,0.0,0.0,Longo da via,Bom,Não existe,Perfeito estado,Seca,Perfeito estado,Não existe,Não há placas,Dupla,Canteiro central,2022,7,15,4,1
Não informado,CANCELADA,DOIS UNIDOS,DOIS UNIDOS,SUBURBIO,COLISÃO FRONTAL,1.0,1.0,0.0,0.0,0.0,0.0,0.0,0.0,0.0,Não informado,Não informado,Não informado,Não informado,Não informado,Não informado,Não informado,Não informado,Não informado,Não informado,2022,9,27,1,0
SEM VÍTIMA,CANCELADA,ÁGUA FRIA,ÁGUA FRIA,Não informado,COLISÃO,0.0,0.0,0.0,0.0,0.0,0.0,0.0,0.0,0.0,Não informado,Não informado,Não informado,Não informado,Não informado,Não informado,Não informado,Não informado,Não informado,Não informado,2020,2,6,3,0
COM VÍTIMA,FINALIZADA,BOA VIAGEM,BOA VIAGEM,SUBURBIO,ABALROAMENTO TRANSVERSAL,0.0,0.0,0.0,0.0,0.0,0.0,0.0,0.0,0.0,Longo da via,Bom,Não informado,Perfeito estado,Seca,Perfeito estado,Não existe,Não há placas,Única,Canteiro central,2020,9,14,0,0
COM VÍTIMA,FINALIZADA,BOA VIAGEM,BOA VIAGEM,SUBURBIO,ATROPELAMENTO DE PESSOA,0.0,0.0,0.0,0.0,0.0,0.0,0.0,0.0,0.0,Longo da via,Bom,Sem defeito,Perfeito estado,Seca,Perfeito estado,Faixa de pedestre,Outras,Única,Faixa seccionada,2021,11,11,3,0
Não informado,FINALIZADA,BOA VIAGEM,BOA VIAGEM,CIDADE,COLISÃO TRASEIRA,1.0,1.0,0.0,0.0,0.0,0.0,0.0,0.0,0.0,Longo da via,Bom,Sem defeito,Perfeito estado,Seca,Perfeito estado,Faixa de pedestre,Não há placas,Única,Não informado,2022,6,8,2,1
Não informado,FINALIZADA,BOA VIAGEM,BOA VIAGEM,Não informado,PROTESTO,0.0,0.0,0.0,0.0,0.0,0.0,0.0,0.0,0.0,Não informado,Não informado,Não informado,Não informado,Não informado,Não informado,Não informado,Não informado,Não informado,Não informado,2022,3,28,0,0
COM VÍTIMA,FINALIZADA,BOA VISTA,BOA VISTA,SUBURBIO,ABALROAMENTO LONGITUDINAL,0.0,0.0,0.0,0.0,0.0,0.0,0.0,0.0,0.0,Cruzamento,Bom,Sem defeito,Perfeito estado,Seca,Perfeito estado,Faixa de pedestre,Não há placas,Única,Faixa contínua,2020,12,17,3,0
SEM VÍTIMA,FINALIZADA,BOA VISTA,BOA VISTA,Não informado,COLISÃO TRASEIRA,0.0,0.0,0.0,0.0,0.0,0.0,0.0,0.0,0.0,Longo da via,Bom,Não existe,Perfeito estado,Seca,Perfeito estado,Não existe,Não há placas,Dupla,Canteiro central,2020,1,8,2,0
SEM VÍTIMA,FINALIZADA,CORDEIRO,CORDEIRO,Não informado,SEMÁFORO,0.0,0.0,0.0,0.0,0.0,0.0,0.0,0.0,0.0,Não informado,Não informado,Não informado,Não informado,Não informado,Não informado,Não informado,Não informado,Não informado,Não informado,2021,4,12,0,0
SEM VÍTIMA,FINALIZADA,SAN MARTIN,SAN MARTIN,SUBURBIO,COLISÃO TRASEIRA,0.0,0.0,0.0,0.0,0.0,0.0,0.0,0.0,0.0,Longo da via,Bom,Não existe,Perfeito estado,Seca,Perfeito estado,Não existe,Outras,Dupla,Faixa contínua,2020,1,22,2,0
Não informado,FINALIZADA,ROSARINHO,ROSARINHO,SUBURBIO,QUEDA,0.0,1.0,0.0,0.0,0.0,0.0,0.0,0.0,0.0,Cruzamento,Nublado,Não existe,Incompleta,Molhada,Perfeito estado,Não existe,"Placas ""Pare""",Dupla,Não existe,2022,7,26,1,1
COM VÍTIMA,FINALIZADA,IBURA,IBURA,SUBURBIO,ABALROAMENTO TRANSVERSAL,0.0,0.0,0.0,0.0,0.0,0.0,0.0,0.0,0.0,Longo da via,Bom,Não existe,Perfeito estado,Seca,Perfeito estado,Não existe,Outras,Dupla,Faixa contínua,2020,9,15,1,0
COM VÍTIMA,FINALIZADA,BOA VISTA,BOA VISTA,SUBURBIO,ABALROAMENTO LONGITUDINAL,0.0,0.0,0.0,0.0,0.0,0.0,0.0,0.0,0.0,Cruzamento,Bom,Sem defeito,Perfeito estado,Seca,Perfeito estado,Agente,Não há placas,Única,Não existe,2020,8,20,3,0
COM VÍTIMA,FINALIZADA,BOA VISTA,BOA VISTA,SUBURBIO,ABALROAMENTO LONGITUDINAL,0.0,0.0,0.0,0.0,0.0,0.0,0.0,0.0,0.0,Cruzamento,Bom,Não existe,Perfeito estado,Seca,Perfeito estado,Não existe,Não informado,Não informado,Não informado,2020,10,29,3,0
Não informado,FINALIZADA,SANTO AMARO,SANTO AMARO,SUBURBIO,COLISÃO TRANSVERSAL,1.0,1.0,0.0,0.0,0.0,0.0,0.0,0.0,0.0,Longo da via,Bom,Não existe,Perfeito estado,Seca,Perfeito estado,Não existe,Não há placas,Dupla,Faixa contínua,2022,9,13,1,1
COM VÍTIMA,FINALIZADA,AFOGADOS,AFOGADOS,SUBURBIO,COLISÃO LATERAL,0.0,0.0,0.0,0.0,0.0,0.0,0.0,0.0,0.0,Longo da via,Bom,Não existe,Não existente,Seca,Perfeito estado,Não existe,Não há placas,Não informado,Não existe,2021,2,2,1,0
Não informado,FINALIZADA,IBURA,IBURA,SUBURBIO,COLISÃO LATERAL,1.0,1.0,0.0,0.0,0.0,0.0,0.0,0.0,0.0,Longo da via,Bom,Sem defeito,Ilegível,Seca,Perfeito estado,Faixa de pedestre,Não há placas,Dupla,Faixa contínua,2022,12,30,4,1
SEM VÍTIMA,FINALIZADA,SANTO AMARO,SANTO AMARO,SUBURBIO,CHOQUE,0.0,0.0,0.0,0.0,0.0,0.0,0.0,0.0,0.0,Longo da via,Chuvoso,Não existe,Não existente,Molhada,Mal conservada,Não existe,Não há placas,Dupla,Não existe,2020,3,11,2,0
COM VÍTIMA,FINALIZADA,MADALENA,MADALENA,SUBURBIO,COLISÃO LATERAL,0.0,0.0,0.0,0.0,0.0,0.0,0.0,0.0,0.0,Cruzamento,Bom,Sem defeito,Perfeito estado,Seca,Perfeito estado,Não informado,Outras,Única,Não existe,2021,3,10,2,0
COM VÍTIMA,FINALIZADA,BOA VIAGEM,BOA VIAGEM,CIDADE,COLISÃO FRONTAL,0.0,0.0,0.0,0.0,0.0,0.0,0.0,0.0,0.0,Longo da via,Bom,Não existe,Perfeito estado,Seca,Perfeito estado,Não existe,Não há placas,Única,Faixa seccionada,2021,11,3,2,0
COM VÍTIMA,FINALIZADA,CAJUEIRO,CAJUEIRO,CIDADE,ABALROAMENTO LONGITUDINAL,0.0,0.0,0.0,0.0,0.0,0.0,0.0,0.0,0.0,Longo da via,Bom,Sem defeito,Perfeito estado,Seca,Perfeito estado,Faixa de pedestre,Outras,Dupla,Faixa contínua,2020,11,14,5,0
SEM VÍTIMA,FINALIZADA,SAN MARTIN,SAN MARTIN,CIDADE,CHOQUE OBJETO FIXO,0.0,0.0,0.0,0.0,0.0,0.0,0.0,0.0,0.0,Cruzamento,Bom,Não existe,Incompleta,Seca,Perfeito estado,Não existe,Placas Pare,Dupla,Não existe,2020,2,2,6,0
Não informado,FINALIZADA,BOA VISTA,BOA VISTA,CIDADE,CHOQUE,2.0,0.0,0.0,0.0,0.0,0.0,0.0,0.0,0.0,Longo da via,Bom,Sem defeito,Perfeito estado,Seca,Perfeito estado,Não existe,Não há placas,Única,Não existe,2022,12,13,1,0
SEM VÍTIMA,FINALIZADA,PARNAMIRIM,PARNAMIRIM,CIDADE,ABALROAMENTO LONGITUDINAL,0.0,0.0,0.0,0.0,0.0,0.0,0.0,0.0,0.0,Longo da via,Chuvoso,Sem defeito,Perfeito estado,Molhada,Perfeito estado,Faixa de pedestre,Não há placas,Única,Faixa contínua,2020,1,24,4,0
Não informado,FINALIZADA,VÁRZEA,VÁRZEA,SUBURBIO,CHOQUE,1.0,1.0,0.0,0.0,0.0,0.0,0.0,0.0,0.0,Longo da via,Bom,Não existe,Perfeito estado,Seca,Perfeito estado,Não existe,Não há placas,Dupla,Não existe,2022,10,28,4,1