natureza_acidente,situacao,bairro,bairro_cruzamento,sentido_via,tipo,auto,moto,ciclom,ciclista,pedestre,onibus,caminhao,viatura,outros,acidente_verificado,tempo_clima,situacao_semaforo,sinalizacao,condicao_via,conservacao_via,ponto_controle,situacao_placa,mao_direcao,divisao_via1,ano,mes,dia,dia_semana,vitima
COM VÍTIMA,CANCELADA,ROSARINHO,ROSARINHO,Não informado,COLISÃO,0.0,0.0,0.0,0.0,0.0,0.0,0.0,0.0,0.0,Não informado,Não informado,Não informado,Não informado,Não informado,Não informado,Não informado,Não informado,Não informado,Não informado,2020,8,5,2,0
SEM VÍTIMA,FINALIZADA,ILHA JOANA BEZERRA,ILHA JOANA BEZERRA,Não informado,CHOQUE,0.0,0.0,0.0,0.0,0.0,0.0,0.0,0.0,0.0,Não informado,Não informado,Não informado,Não informado,Não informado,Não informado,Não informado,Não informado,Não informado,Não informado,2021,9,27,0,0
COM VÍTIMA,FINALIZADA,AREIAS,AREIAS,CIDADE,COLISÃO FRONTAL,0.0,0.0,0.0,0.0,0.0,0.0,0.0,0.0,0.0,Longo da via,Bom,Sem defeito,Perfeito estado,Seca,Perfeito estado,Faixa de retenção,Placas Pare,Dupla,Faixa contínua,2020,11,3,1,0
COM VÍTIMA,FINALIZADA,BOA VIAGEM,BOA VIAGEM,SUBURBIO,ABALROAMENTO TRANSVERSAL,0.0,0.0,0.0,0.0,0.0,0.0,0.0,0.0,0.0,Cruzamento,Bom,Não existe,Perfeito estado,Seca,Perfeito estado,Não existe,Não há placas,Única,Faixa seccionada,2020,1,29,2,0
SEM VÍTIMA,FINALIZADA,JIQUIÁ,JIQUIÁ,SUBURBIO,COLISÃO TRASEIRA,0.0,0.0,0.0,0.0,0.0,0.0,0.0,0.0,0.0,Longo da via,Bom,Sem defeito,Incompleta,Seca,Perfeito estado,Faixa de pedestre,Outras,Dupla,Faixa contínua,2020,1,18,5,0
COM VÍTIMA,FINALIZADA,BOA VISTA,BOA VISTA,SUBURBIO,TOMBAMENTO,0.0,0.0,0.0,0.0,0.0,0.0,0.0,0.0,0.0,Longo da via,Bom,Sem defeito,Perfeito estado,Seca,Perfeito estado,Faixa de pedestre,Outras,Dupla,Faixa seccionada,2020,11,15,6,0
SEM VÍTIMA,CANCELADA,JORDÃO,JORDÃO,Não informado,CHOQUE,0.0,0.0,0.0,0.0,0.0,0.0,0.0,0.0,0.0,Não informado,Não informado,Não informado,Não informado,Não informado,Não informado,Não informado,Não informado,Não informado,Não informado,2021,1,17,6,0
COM VÍTIMA,FINALIZADA,SANTO AMARO,SANTO AMARO,CIDADE,ABALROAMENTO LONGITUDINAL,0.0,0.0,0.0,0.0,0.0,0.0,0.0,0.0,0.0,Longo da via,Bom,Não existe,Não informado,Seca,Outros,Não existe,R-6a,Única,Faixa seccionada,2020,11,11,2,0
Não informado,CANCELADA,LINHA DO TIRO,LINHA DO TIRO,Não informado,COLISÃO LATERAL,1.0,1.0,0.0,0.0,0.0,0.0,0.0,0.0,0.0,Não informado,Não informado,Não informado,Não informado,Não informado,Não informado,Não informado,Não informado,Não informado,Não informado,2022,8,22,0,0
SEM VÍTIMA,FINALIZADA,CASA FORTE,CASA FORTE,Não informado,COLISÃO LATERAL,0.0,0.0,0.0,0.0,0.0,0.0,0.0,0.0,0.0,Não informado,Não informado,Não informado,Não informado,Não informado,Não informado,Não informado,Não informado,Não informado,Não informado,2021,11,7,6,0
Não informado,FINALIZADA,BOA VIAGEM,BOA VIAGEM,Não informado,COLISÃO FRONTAL,1.0,0.0,0.0,0.0,0.0,0.0,0.0,1.0,0.0,Cruzamento,Bom,Sem defeito,Perfeito estado,Seca,Perfeito estado,Agente,Outras,Dupla,Canteiro central,2022,2,22,1,0
Não informado,CANCELADA,IBURA,IBURA,Não informado,COLISÃO LATERAL,1.0,1.0,0.0,0.0,0.0,0.0,0.0,0.0,0.0,Não informado,Não informado,Não informado,Não informado,Não informado,Não informado,Não informado,Não informado,Não informado,Não informado,2022,9,11,6,1
Não informado,FINALIZADA,MUSTARDINHA,MUSTARDINHA,SUBURBIO,COLISÃO TRANSVERSAL,1.0,1.0,0.0,0.0,0.0,0.0,0.0,0.0,0.0,Longo da via,Chuvoso,Sem defeito,Perfeito estado,Molhada,Perfeito estado,Não existe,Não há placas,Dupla,Faixa seccionada,2022,3,14,0,1
COM VÍTIMA,FINALIZADA,BOA VIAGEM,BOA VIAGEM,ORLA DE BOA VIAGEM,ABALROAMENTO TRANSVERSAL,0.0,0.0,0.0,0.0,0.0,0.0,0.0,0.0,0.0,Cruzamento,Bom,Sem defeito,Perfeito estado,Seca,Perfeito estado,Não existe,Outras,Única,Não informado,2020,7,25,5,0
COM VÍTIMA,FINALIZADA,SANTO AMARO,SANTO AMARO,CIDADE,COLISÃO,0.0,0.0,0.0,0.0,0.0,0.0,0.0,0.0,0.0,Cruzamento,Chuvoso,Sem defeito,Perfeito estado,Molhada,Perfeito estado,Faixa de pedestre,Outras,Dupla,Faixa contínua,2020,5,10,6,0
COM VÍTIMA,FINALIZADA,AREIAS,AREIAS,AEROPORTO INTERNACIONA DO RECIFE,COLISÃO COM CICLISTA,0.0,0.0,0.0,0.0,0.0,0.0,0.0,0.0,0.0,Longo da via,Bom,Não existe,Perfeito estado,Seca,Perfeito estado,Não existe,Não há placas,Dupla,Canteiro central,2021,9,24,4,0
SEM VÍTIMA,FINALIZADA,DERBY,DERBY,CIDADE,ABALROAMENTO TRANSVERSAL,0.0,0.0,0.0,0.0,0.0,0.0,0.0,0.0,0.0,Cruzamento,Bom,Sem defeito,Perfeito estado,Seca,Perfeito estado,Faixa de pedestre,Outras,Dupla,Blocos,2020,2,5,2,0
COM VÍTIMA,FINALIZADA,BOA VIAGEM,BOA VIAGEM,SUBURBIO,ABALROAMENTO LONGITUDINAL,0.0,0.0,0.0,0.0,0.0,0.0,0.0,0.0,0.0,Longo da via,Bom,Não existe,Perfeito estado,Seca,Perfeito estado,Não existe,Outras,Única,Faixa seccionada,2020,3,4,2,0
COM VÍTIMA,FINALIZADA,IBURA,IBURA,SUBURBIO,ATROPELAMENTO,0.0,0.0,0.0,0.0,0.0,0.0,0.0,0.0,0.0,Longo da via,Bom,Não existe,Perfeito estado,Seca,Perfeito estado,Faixa de pedestre,Placas Pare,Dupla,Não existe,2020,5,10,6,0
Não informado,FINALIZADA,DERBY,DERBY,CIDADE,COLISÃO TRASEIRA,1.0,1.0,0.0,0.0,0.0,0.0,0.0,0.0,0.0,Cruzamento,Chuvoso,Sem defeito,Perfeito estado,Molhada,Perfeito estado,Faixa de pedestre,Não há placas,Única,Faixa contínua,2022,5,27,4,1
Não informado,FINALIZADA,CASA FORTE,CASA FORTE,Não informado,COLISÃO FRONTAL,1.0,1.0,0.0,0.0,0.0,0.0,0.0,0.0,0.0,Outros,Bom,Sem defeito,Perfeito estado,Seca,Perfeito estado,Faixa de pedestre,Não há placas,Dupla,Não existe,2022,1,8,5,1
SEM VÍTIMA,FINALIZADA,TORRE,TORRE,SUBURBIO,ABALROAMENTO LONGITUDINAL,0.0,0.0,0.0,0.0,0.0,0.0,0.0,0.0,0.0,Longo da via,Bom,Não existe,Perfeito estado,Seca,Perfeito estado,Não existe,R-6a,Única,Faixa seccionada,2020,1,9,3,0
COM VÍTIMA,FINALIZADA,CASA FORTE,CASA FORTE,Não informado,ATROPELAMENTO DE ANIMAL,0.0,0.0,0.0,0.0,0.0,0.0,0.0,0.0,0.0,Não informado,Não informado,Não informado,Não informado,Não informado,Não informado,Não informado,Não informado,Não informado,Não informado,2021,5,11,1,0
Não informado,FINALIZADA,VASCO DA GAMA,VASCO DA GAMA,CIDADE,CAPOTAMENTO,0.0,0.0,0.0,0.0,0.0,1.0,0.0,0.0,0.0,Não informado,Chuvoso,Não existe,Não existente,Molhada,Perfeito estado,Não existe,Não há placas,Dupla,Não existe,2022,1,3,0,0
SEM VÍTIMA,FINALIZADA,MADALENA,MADALENA,CIDADE,ABALROAMENTO LONGITUDINAL,0.0,0.0,0.0,0.0,0.0,0.0,0.0,0.0,0.0,Longo da via,Bom,Não existe,Perfeito estado,Seca,Perfeito estado,Não existe,Placas Pare,Única,Faixa seccionada,2020,2,7,4,0
COM VÍTIMA,FINALIZADA,ENCRUZILHADA,ENCRUZILHADA,CIDADE,ATROPELAMENTO DE PESSOA,0.0,0.0,0.0,0.0,0.0,0.0,0.0,0.0,0.0,Longo da via,Bom,Não existe,Não informado,Seca,Mal conservada,Faixa de pedestre,Outras,Dupla,Faixa seccionada,2021,10,12,1,0
Não informado,FINALIZADA,MADALENA,MADALENA,SUBURBIO,ATROPELAMENTO DE PESSOA,0.0,1.0,0.0,0.0,1.0,0.0,0.0,0.0,0.0,Longo da via,Bom,Não existe,Perfeito estado,Seca,Perfeito estado,Não existe,Outras,Dupla,Faixa contínua,2022,9,16,4,1
COM VÍTIMA,FINALIZADA,DOIS IRMÃOS,DOIS IRMÃOS,SUBURBIO,COLISÃO TRANSVERSAL,0.0,0.0,0.0,0.0,0.0,0.0,0.0,0.0,0.0,Longo da via,Chuvoso,Não existe,Incompleta,Seca,Perfeito estado,Não existe,R-6a,Dupla,Não existe,2021,1,26,1,0
Não informado,FINALIZADA,SAN MARTIN,SAN MARTIN,SUBURBIO,COLISÃO LATERAL,1.0,1.0,0.0,0.0,0.0,0.0,0.0,0.0,0.0,Cruzamento,Bom,Sem defeito,Perfeito estado,Seca,Perfeito estado,Faixa de pedestre,Não há placas,Dupla,Canteiro central,2022,8,11,3,1
Não informado,FINALIZADA,MACAXEIRA,MACAXEIRA,Não informado,COLISÃO FRONTAL,1.0,1.0,0.0,0.0,0.0,0.0,0.0,0.0,0.0,Longo da via,Bom,Sem defeito,Perfeito estado,Seca,Perfeito estado,Não informado,Não informado,Dupla,Faixa contínua,2022,12,29,3,1
Não informado,FINALIZADA,CASA FORTE,CASA FORTE,Não informado,COLISÃO LATERAL,1.0,1.0,0.0,0.0,0.0,0.0,0.0,0.0,0.0,Longo da via,Bom,Não existe,Perfeito estado,Seca,Perfeito estado,Outros,Outras,Dupla,Faixa contínua,2022,6,3,4,1
Não informado,FINALIZADA,IMBIRIBEIRA,IMBIRIBEIRA,SUBURBIO,COLISÃO TRASEIRA,1.0,1.0,0.0,0.0,0.0,0.0,0.0,0.0,0.0,Longo da via,Chuvoso,Não informado,Não informado,Molhada,Não informado,Não existe,Não informado,Dupla,Não informado,2022,6,19,6,1
COM VÍTIMA,FINALIZADA,BOA VIAGEM,BOA VIAGEM,CIDADE,COLISÃO LATERAL,0.0,0.0,0.0,0.0,0.0,0.0,0.0,0.0,0.0,Longo da via,Bom,Não existe,Perfeito estado,Seca,Perfeito estado,Não informado,Não informado,Não informado,Não informado,2021,9,7,1,0
Não informado,FINALIZADA,SANTO ANTÔNIO,SANTO ANTÔNIO,Não informado,COLISÃO COM CICLISTA,1.0,0.0,0.0,1.0,0.0,0.0,0.0,0.0,0.0,Cruzamento,Bom,Não existe,Ilegível,Seca,Mal conservada,Não existe,Não há placas,Única,Faixa seccionada,2022,7,20,2,1
Não informado,FINALIZADA,IPSEP,IPSEP,Não informado,COLISÃO LATERAL,1.0,1.0,0.0,0.0,0.0,0.0,0.0,0.0,0.0,Cruzamento,Bom,Sem defeito,Perfeito estado,Seca,Perfeito estado,Faixa de pedestre,R-4a,Dupla,Canteiro central,2022,8,28,6,1
COM VÍTIMA,FINALIZADA,BOA VIAGEM,BOA VIAGEM,CIDADE,COLISÃO TRANSVERSAL,0.0,0.0,0.0,0.0,0.0,0.0,0.0,0.0,0.0,Cruzamento,Bom,Sem defeito,Perfeito estado,Seca,Perfeito estado,Faixa de pedestre,Outras,Única,Canal,2021,10,13,2,0
SEM VÍTIMA,FINALIZADA,BOA VIAGEM,BOA VIAGEM,CIDADE,ABALROAMENTO LONGITUDINAL,0.0,0.0,0.0,0.0,0.0,0.0,0.0,0.0,0.0,Longo da via,Bom,Não existe,Perfeito estado,Seca,Perfeito estado,Não existe,Não há placas,Única,Faixa contínua,2020,7,28,1,0
Não informado,FINALIZADA,ÁGUA FRIA,ÁGUA FRIA,SUBURBIO,COLISÃO COM CICLISTA,0.0,0.0,0.0,1.0,0.0,1.0,0.0,0.0,0.0,Longo da via,Bom,Não existe,Perfeito estado,Seca,Perfeito estado,Não existe,R-6a,Dupla,Faixa seccionada,2022,8,14,6,1
COM VÍTIMA,FINALIZADA,VÁRZEA,VÁRZEA,CIDADE,COLISÃO LATERAL,0.0,0.0,0.0,0.0,0.0,0.0,0.0,0.0,0.0,Longo da via,Chuvoso,Não existe,Perfeito estado,Molhada,Perfeito estado,Não existe,Não há placas,Dupla,Faixa contínua,2021,8,17,1,0
Não informado,FINALIZADA,PINA,PINA,CIDADE,COLISÃO TRASEIRA,1.0,1.0,0.0,0.0,0.0,0.0,0.0,0.0,0.0,Outros,Chuvoso,Sem defeito,Perfeito estado,Molhada,Perfeito estado,Faixa de pedestre,Não informado,Única,Faixa seccionada,2022,7,16,5,1
Não informado,FINALIZADA,COQUEIRAL,COQUEIRAL,Não informado,COLISÃO LATERAL,0.0,1.0,0.0,0.0,0.0,0.0,1.0,0.0,0.0,Esquina,Bom,Não existe,Perfeito estado,Seca,Perfeito estado,Não existe,Não há placas,Dupla,Não existe,2022,8,12,4,1
Não informado,FINALIZADA,IMBIRIBEIRA,IMBIRIBEIRA,CIDADE,COLISÃO LATERAL,2.0,0.0,0.0,0.0,0.0,0.0,0.0,0.0,0.0,Cruzamento,Bom,Sem defeito,Perfeito estado,Seca,Perfeito estado,Faixa de pedestre,Não há placas,Dupla,Canteiro central,2022,6,12,6,1
COM VÍTIMA,FINALIZADA,BOA VIAGEM,BOA VIAGEM,Não informado,ABALROAMENTO LONGITUDINAL,0.0,0.0,0.0,0.0,0.0,0.0,0.0,0.0,0.0,Longo da via,Bom,Não existe,Perfeito estado,Seca,Perfeito estado,Não existe,R-6a,Única,Faixa contínua,2020,12,7,0,0
COM VÍTIMA,FINALIZADA,BOA VIAGEM,BOA VIAGEM,CIDADE,ABALROAMENTO TRANSVERSAL,0.0,0.0,0.0,0.0,0.0,0.0,0.0,0.0,0.0,Cruzamento,Bom,Não existe,Perfeito estado,Seca,Perfeito estado,Não existe,Placas Pare,Única,Faixa seccionada,2020,8,23,6,0
Não informado,FINALIZADA,CORDEIRO,CORDEIRO,CIDADE,COLISÃO LATERAL,1.0,1.0,0.0,0.0,0.0,0.0,0.0,0.0,0.0,Cruzamento,Bom,Não existe,Perfeito estado,Seca,Perfeito estado,Não existe,Não há placas,Dupla,Faixa seccionada,2022,10,28,4,1
COM VÍTIMA,FINALIZADA,CASA AMARELA,CASA AMARELA,CIDADE,COLISÃO FRONTAL,0.0,0.0,0.0,0.0,0.0,0.0,0.0,0.0,0.0,Longo da via,Bom,Não existe,Perfeito estado,Seca,Perfeito estado,Faixa de pedestre,"Placas ""Pare""",Dupla,Não existe,2021,9,28,1,0
SEM VÍTIMA,FINALIZADA,BOA VISTA,BOA VISTA,Não informado,CAPOTAMENTO,0.0,0.0,0.0,0.0,0.0,0.0,0.0,0.0,0.0,Não informado,Não informado,Não informado,Não informado,Não informado,Não informado,Não informado,Não informado,Não informado,Não informado,2020,12,29,1,0
SEM VÍTIMA,FINALIZADA,MACAXEIRA,MACAXEIRA,Não informado,CHOQUE,0.0,0.0,0.0,0.0,0.0,0.0,0.0,0.0,0.0,Não informado,Não informado,Não informado,Não informado,Não informado,Não informado,Não informado,Não informado,Não informado,Não informado,2020,9,15,1,0
COM VÍTIMA,FINALIZADA,VÁRZEA,VÁRZEA,Não informado,ABALROAMENTO TRANSVERSAL,0.0,0.0,0.0,0.0,0.0,0.0,0.0,0.0,0.0,Longo da via,Bom,Não existe,Não informado,Seca,Perfeito estado,Não existe,Não informado,Dupla,Faixa seccionada,2020,9,7,0,0
COM VÍTIMA,FINALIZADA,BOA VIAGEM,BOA VIAGEM,SUBURBIO,ABALROAMENTO TRANSVERSAL,0.0,0.0,0.0,0.0,0.0,0.0,0.0,0.0,0.0,Longo da via,Bom,Não existe,Não existente,Seca,Perfeito estado,Faixa de retenção,Não há placas,Única,Faixa seccionada,2020,2,28,4,0
COM VÍTIMA,FINALIZADA,CASA AMARELA,CASA AMARELA,SUBURBIO,COLISÃO TRANSVERSAL,0.0,0.0,0.0,0.0,0.0,0.0,0.0,0.0,0.0,Longo da via,Chuvoso,Não existe,Perfeito estado,Molhada,Perfeito estado,Não existe,R-6a,Dupla,Faixa seccionada,2021,8,20,4,0
SEM VÍTIMA,FINALIZADA,BOA VISTA,BOA VISTA,SUBURBIO,COLISÃO TRASEIRA,0.0,0.0,0.0,0.0,0.0,0.0,0.0,0.0,0.0,Longo da via,Bom,Sem defeito,Perfeito estado,Seca,Perfeito estado,Faixa de pedestre,R-6a,Única,Não existe,2020,1,20,0,0
SEM VÍTIMA,FINALIZADA,ROSARINHO,ROSARINHO,Não informado,COLISÃO,0.0,0.0,0.0,0.0,0.0,0.0,0.0,0.0,0.0,Longo da via,Bom,Não existe,Perfeito estado,Seca,Perfeito estado,Não existe,Outras,Dupla,Faixa contínua,2020,6,22,0,0
COM VÍTIMA,FINALIZADA,DERBY,DERBY,Não informado,ATROPELAMENTO,0.0,0.0,0.0,0.0,0.0,0.0,0.0,0.0,0.0,Cruzamento,Bom,Sem defeito,Perfeito estado,Seca,Perfeito estado,Faixa de pedestre,Outras,Única,Faixa seccionada,2021,1,10,6,0
COM VÍTIMA,FINALIZADA,DOIS IRMÃOS,DOIS IRMÃOS,SUBURBIO,ABALROAMENTO TRANSVERSAL,0.0,0.0,0.0,0.0,0.0,0.0,0.0,0.0,0.0,Longo da via,Bom,Sem defeito,Perfeito estado,Seca,Perfeito estado,Não existe,Não há placas,Dupla,Faixa contínua,2020,1,19,6,0
Não informado,FINALIZADA,ROSARINHO,ROSARINHO,Não informado,COLISÃO LATERAL,1.0,1.0,0.0,0.0,0.0,0.0,0.0,0.0,0.0,Cruzamento,Bom,Não existe,Perfeito estado,Seca,Perfeito estado,Faixa de pedestre,"Placas ""Pare""",Única,Faixa contínua,2022,8,4,3,1
Não informado,FINALIZADA,SANTO AMARO,SANTO AMARO,SUBURBIO,COLISÃO TRASEIRA,1.0,1.0,0.0,0.0,0.0,0.0,0.0,0.0,0.0,Longo da via,Bom,Desligado,Perfeito estado,Seca,Perfeito estado,Faixa de pedestre,Outras,Dupla,Faixa seccionada,2022,8,2,1,1
SEM VÍTIMA,FINALIZADA,SÃO JOSÉ,SÃO JOSÉ,SUBURBIO,CHOQUE VEÍCULO PARADO,0.0,0.0,0.0,0.0,0.0,0.0,0.0,0.0,0.0,Longo da via,Bom,Não existe,Perfeito estado,Seca,Perfeito estado,Não existe,Não há placas,Única,Faixa seccionada,2020,1,9,3,0
COM VÍTIMA,FINALIZADA,JOANA BEZERRA,JOANA BEZERRA,SUBURBIO,QUEDA,0.0,0.0,0.0,0.0,0.0,0.0,0.0,0.0,0.0,Viaduto,Chuvoso,Não existe,Perfeito estado,Molhada,Perfeito estado,Não existe,Não há placas,Única,Faixa seccionada,2021,8,4,2,0
SEM VÍTIMA,FINALIZADA,GUABIRABA,GUABIRABA,CIDADE,COLISÃO LATERAL,0.0,0.0,0.0,0.0,0.0,0.0,0.0,0.0,0.0,Longo da via,Bom,Sem defeito,Perfeito estado,Seca,Não informado,Não existe,Não há placas,Dupla,Não existe,2021,2,21,6,0
Não informado,FINALIZADA,BOA VISTA,BOA VISTA,SUBURBIO,CAPOTAMENTO,0.0,1.0,0.0,0.0,0.0,0.0,0.0,0.0,0.0,Longo da via,Chuvoso,Não existe,Incompleta,Molhada,Outros,Não existe,Não há placas,Única,Faixa seccionada,2022,3,22,1,1
COM VÍTIMA,FINALIZADA,BOA VIAGEM,BOA VIAGEM,CIDADE,ABALROAMENTO LONGITUDINAL,0.0,0.0,0.0,0.0,0.0,0.0,0.0,0.0,0.0,Cruzamento,Bom,Sem defeito,Perfeito estado,Seca,Perfeito estado,Faixa de pedestre,Não há placas,Dupla,Canteiro central,2020,1,14,1,0
SEM VÍTIMA,FINALIZADA,BAIRRO DO RECIFE,BAIRRO DO RECIFE,CIDADE,COLISÃO,0.0,0.0,0.0,0.0,0.0,0.0,0.0,0.0,0.0,Longo da via,Bom,Não existe,Perfeito estado,Seca,Perfeito estado,Não existe,R-6a,Única,Não existe,2020,2,15,5,0
SEM VÍTIMA,FINALIZADA,IPSEP,IPSEP,CIDADE,ABALROAMENTO LONGITUDINAL,0.0,0.0,0.0,0.0,0.0,0.0,0.0,0.0,0.0,Cruzamento,Bom,Não existe,Perfeito estado,Seca,Perfeito estado,Faixa de retenção,Placas Pare,Dupla,Faixa contínua,2020,1,10,4,0
Não informado,FINALIZADA,CAMPINA DO BARRETO,CAMPINA DO BARRETO,CIDADE,COLISÃO LATERAL,1.0,1.0,0.0,0.0,0.0,0.0,0.0,0.0,0.0,Longo da via,Bom,Não existe,Não existente,Seca,Perfeito estado,Não existe,Não há placas,Dupla,Não existe,2022,2,14,0,1
Não informado,FINALIZADA,IMBIRIBEIRA,IMBIRIBEIRA,Não informado,COLISÃO TRASEIRA,1.0,0.0,0.0,0.0,0.0,0.0,1.0,0.0,0.0,Longo da via,Bom,Não existe,Perfeito estado,Seca,Perfeito estado,Não existe,Outras,Dupla,Canteiro central,2022,11,10,3,0
SEM VÍTIMA,FINALIZADA,TORRE,TORRE,Não informado,CHOQUE VEÍCULO PARADO,0.0,0.0,0.0,0.0,0.0,0.0,0.0,0.0,0.0,Não informado,Bom,Não existe,Não existente,Seca,Perfeito estado,Não existe,Não há placas,Única,Não existe,2020,2,22,5,0
SEM VÍTIMA,FINALIZADA,SANTO AMARO,SANTO AMARO,Não informado,COLISÃO TRASEIRA,0.0,0.0,0.0,0.0,0.0,0.0,0.0,0.0,0.0,Longo da via,Bom,Sem defeito,Perfeito estado,Seca,Perfeito estado,Faixa de pedestre,Não informado,Dupla,Canal,2020,2,24,0,0
Não informado,FINALIZADA,AREIAS,AREIAS,SUBURBIO,COLISÃO LATERAL,0.0,2.0,0.0,0.0,0.0,0.0,0.0,0.0,0.0,Longo da via,Bom,Não existe,Perfeito estado,Seca,Perfeito estado,Não existe,R-6a,Única,Faixa seccionada,2022,9,9,4,1
SEM VÍTIMA,FINALIZADA,BOMBA DO HEMETÉRIO,BOMBA DO HEMETÉRIO,Não informado,COLISÃO LATERAL,0.0,0.0,0.0,0.0,0.0,0.0,0.0,0.0,0.0,Não informado,Não informado,Não informado,Não informado,Não informado,Não informado,Não informado,Não informado,Não informado,Não informado,2021,5,14,4,0
COM VÍTIMA,CANCELADA,AREIAS,AREIAS,Não informado,COLISÃO FRONTAL,0.0,0.0,0.0,0.0,0.0,0.0,0.0,0.0,0.0,Não informado,Não informado,Não informado,Não informado,Não informado,Não informado,Não informado,Não informado,Não informado,Não informado,2021,10,20,2,0
VÍTIMA FATAL,FINALIZADA,JARDIM SÃO PAULO,JARDIM SÃO PAULO,LESTE,CHOQUE VEÍCULO PARADO,0.0,0.0,0.0,0.0,0.0,0.0,0.0,0.0,0.0,Longo da via,Bom,Não existe,Não existente,Seca,Perfeito estado,Não existe,Não há placas,Dupla,Não existe,2020,5,4,0,0
COM VÍTIMA,CANCELADA,DOIS IRMÃOS,DOIS IRMÃOS,Não informado,COLISÃO TRASEIRA,0.0,0.0,0.0,0.0,0.0,0.0,0.0,0.0,0.0,Não informado,Não informado,Não informado,Não informado,Não informado,Não informado,Não informado,Não informado,Não informado,Não informado,2021,11,10,2,0
Não informado,CANCELADA,BOA VIAGEM,BOA VIAGEM,Não informado,COLISÃO LATERAL,1.0,1.0,0.0,0.0,0.0,0.0,0.0,0.0,0.0,Não informado,Não informado,Não informado,Não informado,Não informado,Não informado,Não informado,Não informado,Não informado,Não informado,2022,2,20,6,1
SEM VÍTIMA,FINALIZADA,BOA VIAGEM,BOA VIAGEM,SUBURBIO,CAPOTAMENTO,0.0,0.0,0.0,0.0,0.0,0.0,0.0,0.0,0.0,Longo da via,Bom,Sem defeito,Perfeito estado,Seca,Perfeito estado,Não informado,Não informado,Única,Faixa seccionada,2020,1,12,6,0
Não informado,FINALIZADA,AREIAS,AREIAS,Não informado,COLISÃO TRASEIRA,1.0,1.0,0.0,0.0,0.0,0.0,0.0,1.0,0.0,Longo da via,Bom,Não existe,Perfeito estado,Seca,Perfeito estado,Não existe,R-6a,Dupla,Faixa seccionada,2022,3,30,2,0
SEM VÍTIMA,FINALIZADA,BOA VISTA,BOA VISTA,SUBURBIO,COLISÃO,0.0,0.0,0.0,0.0,0.0,0.0,0.0,0.0,0.0,Longo da via,Chuvoso,Não existe,Não informado,Molhada,Perfeito estado,Não existe,Não há placas,Única,Faixa seccionada,2020,2,20,3,0
Não informado,FINALIZADA,AREIAS,AREIAS,CIDADE,COLISÃO TRANSVERSAL,1.0,1.0,0.0,0.0,0.0,0.0,0.0,0.0,0.0,Cruzamento,Bom,Não existe,Ilegível,Seca,Mal conservada,Não existe,R-6a,Dupla,Faixa contínua,2022,4,2,5,1
COM VÍTIMA,FINALIZADA,IMBIRIBEIRA,IMBIRIBEIRA,SUBURBIO,COLISÃO FRONTAL,0.0,0.0,0.0,0.0,0.0,0.0,0.0,0.0,0.0,Cruzamento,Bom,Não existe,Perfeito estado,Seca,Perfeito estado,Não existe,Não há placas,Dupla,Não existe,2021,9,27,0,0
SEM VÍTIMA,FINALIZADA,BOA VIAGEM,BOA VIAGEM,Não informado,CAPOTAMENTO,0.0,0.0,0.0,0.0,0.0,0.0,0.0,0.0,0.0,Não informado,Não informado,Não informado,Não informado,Não informado,Não informado,Não informado,Não informado,Não informado,Não informado,2021,3,18,3,0
COM VÍTIMA,CANCELADA,JORDÃO,JORDÃO,Não informado,COLISÃO,0.0,0.0,0.0,0.0,0.0,0.0,0.0,0.0,0.0,Não informado,Não informado,Não informado,Não informado,Não informado,Não informado,Não informado,Não informado,Não informado,Não informado,2020,11,15,6,0
COM VÍTIMA,FINALIZADA,SÃO JOSÉ,SÃO JOSÉ,CIDADE,ABALROAMENTO LONGITUDINAL,0.0,0.0,0.0,0.0,0.0,0.0,0.0,0.0,0.0,Cruzamento,Bom,Sem defeito,Perfeito estado,Seca,Perfeito estado,Não informado,Outras,Única,Não existe,2020,5,18,0,0
SEM VÍTIMA,FINALIZADA,CABANGA,CABANGA,Não informado,COLISÃO,0.0,0.0,0.0,0.0,0.0,0.0,0.0,0.0,0.0,Ponte,Bom,Sem defeito,Perfeito estado,Seca,Perfeito estado,Faixa de retenção,R-6a,Única,Faixa seccionada,2020,7,2,3,0
SEM VÍTIMA,FINALIZADA,PINA,PINA,SUBURBIO,COLISÃO,0.0,0.0,0.0,0.0,0.0,0.0,0.0,0.0,0.0,Longo da via,Bom,Não existe,Perfeito estado,Seca,Perfeito estado,Agente,Não há placas,Única,Canteiro central,2020,2,18,1,0
Não informado,FINALIZADA,PINA,PINA,CIDADE,CHOQUE,1.0,1.0,0.0,0.0,0.0,0.0,0.0,0.0,0.0,Longo da via,Bom,Não existe,Não existente,Seca,Perfeito estado,Não existe,Não há placas,Dupla,Não existe,2022,6,12,6,1