natureza_acidente,situacao,bairro,bairro_cruzamento,sentido_via,tipo,auto,moto,ciclom,ciclista,pedestre,onibus,caminhao,viatura,outros,acidente_verificado,tempo_clima,situacao_semaforo,sinalizacao,condicao_via,conservacao_via,ponto_controle,situacao_placa,mao_direcao,divisao_via1,ano,mes,dia,dia_semana,vitima
SEM VÍTIMA,FINALIZADA,SANTO AMARO,SANTO AMARO,SUBURBIO,COLISÃO TRASEIRA,0.0,0.0,0.0,0.0,0.0,0.0,0.0,0.0,0.0,Cruzamento,Bom,Sem defeito,Perfeito estado,Seca,Perfeito estado,Faixa de pedestre,Não há placas,Única,Faixa seccionada,2020,7,7,1,0
SEM VÍTIMA,FINALIZADA,GRAÇAS,GRAÇAS,CIDADE,COLISÃO TRASEIRA,0.0,0.0,0.0,0.0,0.0,0.0,0.0,0.0,0.0,Longo da via,Bom,Sem defeito,Perfeito estado,Seca,Perfeito estado,Faixa de pedestre,R-6a,Única,Faixa seccionada,2020,2,4,1,0
Não informado,CANCELADA,ARRUDA,ARRUDA,Não informado,COLISÃO LATERAL,1.0,1.0,0.0,0.0,0.0,0.0,0.0,0.0,0.0,Não informado,Não informado,Não informado,Não informado,Não informado,Não informado,Não informado,Não informado,Não informado,Não informado,2022,7,30,5,1
Não informado,FINALIZADA,CASA AMARELA,CASA AMARELA,Não informado,CHOQUE,1.0,0.0,0.0,0.0,0.0,0.0,0.0,0.0,0.0,Não informado,Não informado,Não informado,Não informado,Não informado,Não informado,Não informado,Não informado,Não informado,Não informado,2022,9,3,5,0
COM VÍTIMA,FINALIZADA,CURADO,CURADO,TIP,ABALROAMENTO TRANSVERSAL,0.0,0.0,0.0,0.0,0.0,0.0,0.0,0.0,0.0,Longo da via,Bom,Não existe,Não existente,Seca,Mal conservada,Não existe,Não há placas,Dupla,Faixa contínua,2020,2,26,2,0
SEM VÍTIMA,FINALIZADA,MADALENA,MADALENA,Não informado,COLISÃO,0.0,0.0,0.0,0.0,0.0,0.0,0.0,0.0,0.0,Esquina,Bom,Sem defeito,Perfeito estado,Seca,Perfeito estado,Faixa de pedestre,"Placas ""Pare""",Única,Faixa contínua,2021,3,10,2,0
Não informado,FINALIZADA,MACAXEIRA,MACAXEIRA,SUBURBIO,TOMBAMENTO,0.0,1.0,0.0,0.0,0.0,0.0,0.0,0.0,0.0,Longo da via,Bom,Sem defeito,Perfeito estado,Seca,Perfeito estado,Não informado,Não informado,Dupla,Faixa contínua,2022,1,12,2,1
COM VÍTIMA,FINALIZADA,CASA AMARELA,CASA AMARELA,Não informado,COLISÃO,0.0,0.0,0.0,0.0,0.0,0.0,0.0,0.0,0.0,Não informado,Não informado,Não informado,Não informado,Não informado,Não informado,Não informado,Não informado,Não informado,Não informado,2020,12,24,3,0
Não informado,FINALIZADA,BAIRRO DO RECIFE,BAIRRO DO RECIFE,CIDADE,COLISÃO LATERAL,0.0,2.0,0.0,0.0,0.0,0.0,0.0,0.0,0.0,Longo da via,Bom,Não existe,Perfeito estado,Seca,Perfeito estado,Faixa de pedestre,Não há placas,Única,Não existe,2022,3,8,1,1
Não informado,FINALIZADA,VÁRZEA,VÁRZEA,SUBURBIO,COLISÃO TRASEIRA,1.0,1.0,0.0,0.0,0.0,0.0,0.0,0.0,0.0,Longo da via,Bom,Sem defeito,Perfeito estado,Seca,Perfeito estado,Não existe,Não informado,Dupla,Faixa contínua,2022,8,13,5,1
Não informado,FINALIZADA,BOA VIAGEM,BOA VIAGEM,Não informado,CHOQUE,0.0,0.0,0.0,0.0,0.0,1.0,0.0,0.0,0.0,Não informado,Não informado,Não informado,Não informado,Não informado,Não informado,Não informado,Não informado,Não informado,Não informado,2022,9,5,0,0
Não informado,FINALIZADA,IMBIRIBEIRA,IMBIRIBEIRA,CIDADE,ATROPELAMENTO DE PESSOA,1.0,0.0,0.0,0.0,1.0,0.0,0.0,0.0,0.0,Longo da via,Chuvoso,Não existe,Perfeito estado,Molhada,Mal iluminada,Não existe,Não há placas,Dupla,Não informado,2022,11,22,1,1
SEM VÍTIMA,DUPLICIDADE,IPSEP,IPSEP,AREIAS,COLISÃO,0.0,0.0,0.0,0.0,0.0,0.0,0.0,0.0,0.0,Não informado,Não informado,Não informado,Não informado,Não informado,Não informado,Não informado,Não informado,Não informado,Não informado,2020,1,13,0,0
COM VÍTIMA,FINALIZADA,DOIS UNIDOS,DOIS UNIDOS,SUBURBIO,COLISÃO FRONTAL,0.0,0.0,0.0,0.0,0.0,0.0,0.0,0.0,0.0,Longo da via,Bom,Não informado,Perfeito estado,Molhada,Perfeito estado,Não existe,Não há placas,Dupla,Faixa seccionada,2021,7,25,6,0
Não informado,FINALIZADA,BOA VIAGEM,BOA VIAGEM,Não informado,QUEDA,0.0,1.0,0.0,0.0,0.0,0.0,0.0,0.0,0.0,Longo da via,Bom,Não existe,Perfeito estado,Seca,Perfeito estado,Não existe,R-6a,Única,Faixa seccionada,2022,12,24,5,1
Não informado,FINALIZADA,PAISSANDU,PAISSANDU,BOA VIAGEM,COLISÃO LATERAL,1.0,1.0,0.0,0.0,0.0,0.0,0.0,0.0,0.0,Não informado,Não informado,Não informado,Não informado,Não informado,Não informado,Não informado,Não informado,Não informado,Não informado,2022,4,16,5,1
Não informado,FINALIZADA,IMBIRIBEIRA,IMBIRIBEIRA,Não informado,COLISÃO TRASEIRA,1.0,1.0,0.0,0.0,0.0,0.0,0.0,0.0,0.0,Longo da via,Bom,Não existe,Perfeito estado,Seca,Perfeito estado,Não existe,R-5a,Única,Faixa contínua,2022,10,31,0,1
COM VÍTIMA,FINALIZADA,DERBY,DERBY,SUBURBIO,COLISÃO TRANSVERSAL,0.0,0.0,0.0,0.0,0.0,0.0,0.0,0.0,0.0,Cruzamento,Bom,Sem defeito,Perfeito estado,Seca,Perfeito estado,Faixa de pedestre,Outras,Dupla,Canal,2021,4,12,0,0
COM VÍTIMA,FINALIZADA,ILHA DO RETIRO,ILHA DO RETIRO,CIDADE,TOMBAMENTO,0.0,0.0,0.0,0.0,0.0,0.0,0.0,0.0,0.0,Ponte,Bom,Não existe,Perfeito estado,Seca,Perfeito estado,Não existe,Não há placas,Dupla,Faixa contínua,2021,2,22,0,0
Não informado,FINALIZADA,APIPUCOS,APIPUCOS,CIDADE,CHOQUE,1.0,0.0,0.0,0.0,0.0,0.0,0.0,0.0,0.0,Longo da via,Chuvoso,Não existe,Perfeito estado,Molhada,Perfeito estado,Não existe,R-6a,Dupla,Faixa contínua,2022,8,22,0,0
Não informado,FINALIZADA,VÁRZEA,VÁRZEA,SUBURBIO,COLISÃO LATERAL,1.0,1.0,0.0,0.0,0.0,0.0,0.0,0.0,0.0,Cruzamento,Bom,Não existe,Perfeito estado,Seca,Perfeito estado,Faixa de pedestre,Não informado,Única,Não existe,2022,11,15,1,1
SEM VÍTIMA,FINALIZADA,PINA,PINA,SUBURBIO,COLISÃO,0.0,0.0,0.0,0.0,0.0,0.0,0.0,0.0,0.0,Viaduto,Chuvoso,Não existe,Perfeito estado,Molhada,Perfeito estado,Não existe,Outras,Única,Não existe,2020,5,20,2,0
Não informado,FINALIZADA,ILHA DO LEITE,ILHA DO LEITE,Não informado,CHOQUE,1.0,0.0,0.0,0.0,0.0,0.0,0.0,0.0,0.0,Outros,Bom,Não existe,Perfeito estado,Seca,Perfeito estado,Não existe,R-6a,Única,Não existe,2022,4,1,4,1
Não informado,FINALIZADA,IPSEP,IPSEP,Não informado,COLISÃO TRASEIRA,1.0,0.0,0.0,0.0,0.0,0.0,0.0,1.0,0.0,Cruzamento,Bom,Sem defeito,Perfeito estado,Seca,Perfeito estado,Faixa de pedestre,R-6a,Dupla,Canteiro central,2022,11,17,3,0
SEM VÍTIMA,FINALIZADA,ARRUDA,ARRUDA,SUBURBIO,COLISÃO TRASEIRA,0.0,0.0,0.0,0.0,0.0,0.0,0.0,0.0,0.0,Não informado,Não informado,Não informado,Não informado,Não informado,Não informado,Não informado,Não informado,Não informado,Não informado,2021,8,17,1,0
Não informado,FINALIZADA,ESPINHEIRO,ESPINHEIRO,SUBURBIO,COLISÃO LATERAL,1.0,1.0,0.0,0.0,0.0,0.0,0.0,0.0,0.0,Longo da via,Bom,Sem defeito,Perfeito estado,Seca,Perfeito estado,Não existe,R-6a,Única,Faixa seccionada,2022,11,18,4,1
COM VÍTIMA,CANCELADA,BAIRRO DO RECIFE,BAIRRO DO RECIFE,Não informado,COLISÃO,0.0,0.0,0.0,0.0,0.0,0.0,0.0,0.0,0.0,Não informado,Não informado,Não informado,Não informado,Não informado,Não informado,Não informado,Não informado,Não informado,Não informado,2020,8,15,5,0
COM VÍTIMA,FINALIZADA,BOA VIAGEM,BOA VIAGEM,SUBURBIO,ABALROAMENTO TRANSVERSAL,0.0,0.0,0.0,0.0,0.0,0.0,0.0,0.0,0.0,Cruzamento,Bom,Não existe,Incompleta,Seca,Perfeito estado,Não existe,Placas Pare,Única,Não informado,2020,7,24,4,0
COM VÍTIMA,FINALIZADA,TORRÕES,TORRÕES,SUBURBIO,COLISÃO,0.0,0.0,0.0,0.0,0.0,0.0,0.0,0.0,0.0,Não informado,Não informado,Não informado,Não informado,Não informado,Não informado,Não informado,Não informado,Não informado,Não informado,2020,3,9,0,0
SEM VÍTIMA,FINALIZADA,AFOGADOS,AFOGADOS,SUBURBIO,ABALROAMENTO LONGITUDINAL,0.0,0.0,0.0,0.0,0.0,0.0,0.0,0.0,0.0,Cruzamento,Bom,Sem defeito,Perfeito estado,Seca,Perfeito estado,Não existe,Não há placas,Única,Faixa seccionada,2020,1,21,1,0
COM VÍTIMA,FINALIZADA,TORRE,TORRE,SUBURBIO,COLISÃO COM CICLISTA,0.0,0.0,0.0,0.0,0.0,0.0,0.0,0.0,0.0,Cruzamento,Chuvoso,Sem defeito,Não informado,Molhada,Perfeito estado,Não informado,Não informado,Única,Faixa contínua,2020,5,3,6,0
SEM VÍTIMA,FINALIZADA,CORDEIRO,CORDEIRO,SUBURBIO,COLISÃO FRONTAL,0.0,0.0,0.0,0.0,0.0,0.0,0.0,0.0,0.0,Longo da via,Chuvoso,Não existe,Perfeito estado,Molhada,Mal iluminada,Não existe,Não há placas,Dupla,Faixa contínua,2020,6,10,2,0
Não informado,FINALIZADA,CAXANGÁ,CAXANGÁ,CIDADE,COLISÃO LATERAL,1.0,0.0,0.0,0.0,0.0,0.0,0.0,1.0,0.0,Esquina,Bom,Sem defeito,Perfeito estado,Seca,Perfeito estado,Faixa de pedestre,Outras,Dupla,Faixa seccionada,2022,5,11,2,0
SEM VÍTIMA,FINALIZADA,TEJIPIÓ,TEJIPIÓ,SUBURBIO,COLISÃO LATERAL,0.0,0.0,0.0,0.0,0.0,0.0,0.0,0.0,0.0,Longo da via,Chuvoso,Não existe,Perfeito estado,Molhada,Perfeito estado,Não existe,Não há placas,Dupla,Faixa contínua,2021,2,15,0,0
Não informado,FINALIZADA,MANGABEIRA,MANGABEIRA,SUBURBIO,COLISÃO TRASEIRA,1.0,0.0,0.0,0.0,0.0,0.0,0.0,1.0,0.0,Longo da via,Chuvoso,Não existe,Incompleta,Molhada,Perfeito estado,Não existe,Outras,Dupla,Não existe,2022,6,5,6,1
Não informado,FINALIZADA,BOA VIAGEM,BOA VIAGEM,Não informado,COLISÃO TRASEIRA,1.0,1.0,0.0,0.0,0.0,0.0,0.0,0.0,0.0,Não informado,Não informado,Não informado,Não informado,Não informado,Não informado,Não informado,Não informado,Não informado,Não informado,2022,4,20,2,0
COM VÍTIMA,FINALIZADA,TAMARINEIRA,TAMARINEIRA,Não informado,COLISÃO TRASEIRA,0.0,0.0,0.0,0.0,0.0,0.0,0.0,0.0,0.0,Longo da via,Chuvoso,Sem defeito,Perfeito estado,Seca,Perfeito estado,Não informado,R-6a,Dupla,Faixa contínua,2020,3,16,0,0
Não informado,FINALIZADA,CABANGA,CABANGA,CIDADE,COLISÃO TRASEIRA,2.0,0.0,0.0,0.0,0.0,0.0,0.0,0.0,0.0,Longo da via,Bom,Não existe,Perfeito estado,Seca,Perfeito estado,Não existe,R-19,Dupla,Faixa seccionada,2022,7,13,2,0
Não informado,CANCELADA,CASA FORTE,CASA FORTE,Não informado,COLISÃO LATERAL,0.0,0.0,0.0,0.0,0.0,0.0,0.0,0.0,0.0,Não informado,Não informado,Não informado,Não informado,Não informado,Não informado,Não informado,Não informado,Não informado,Não informado,2022,1,19,2,1
COM VÍTIMA,FINALIZADA,CASA FORTE,CASA FORTE,Não informado,ABALROAMENTO TRANSVERSAL,0.0,0.0,0.0,0.0,0.0,0.0,0.0,0.0,0.0,Longo da via,Bom,Não existe,Perfeito estado,Seca,Perfeito estado,Não existe,Outras,Dupla,Não informado,2020,11,5,3,0
SEM VÍTIMA,FINALIZADA,MADALENA,MADALENA,SUBURBIO,COLISÃO TRANSVERSAL,0.0,0.0,0.0,0.0,0.0,0.0,0.0,0.0,0.0,Cruzamento,Nublado,Não existe,Perfeito estado,Seca,Perfeito estado,Não existe,R-6a,Dupla,Faixa contínua,2021,8,23,0,0
VÍTIMA FATAL,FINALIZADA,BOA VISTA,BOA VISTA,SUBURBIO,ATROPELAMENTO,0.0,0.0,0.0,0.0,0.0,0.0,0.0,0.0,0.0,Longo da via,Bom,Não existe,Perfeito estado,Seca,Perfeito estado,Faixa de pedestre,R-6c,Dupla,Canteiro central,2020,12,3,3,0
Não informado,FINALIZADA,PINA,PINA,SUBURBIO,COLISÃO LATERAL,1.0,1.0,0.0,0.0,0.0,0.0,0.0,0.0,0.0,Longo da via,Bom,Não existe,Perfeito estado,Seca,Perfeito estado,Não existe,Outras,Dupla,Canteiro central,2022,2,26,5,1
COM VÍTIMA,FINALIZADA,CABANGA,CABANGA,Não informado,COLISÃO LATERAL,0.0,0.0,0.0,0.0,0.0,0.0,0.0,0.0,0.0,Longo da via,Bom,Não existe,Incompleta,Seca,Perfeito estado,Não existe,Não há placas,Única,Faixa contínua,2021,1,19,1,0
Não informado,FINALIZADA,VÁRZEA,VÁRZEA,Não informado,COLISÃO LATERAL,2.0,0.0,0.0,0.0,0.0,0.0,0.0,0.0,0.0,Não informado,Não informado,Não informado,Não informado,Não informado,Não informado,Não informado,Não informado,Não informado,Não informado,2022,11,5,5,0
SEM VÍTIMA,FINALIZADA,SÃO JOSÉ,SÃO JOSÉ,SUBURBIO,COLISÃO,0.0,0.0,0.0,0.0,0.0,0.0,0.0,0.0,0.0,Longo da via,Bom,Não existe,Perfeito estado,Seca,Perfeito estado,Não existe,Não há placas,Dupla,Canteiro central,2020,2,17,0,0
COM VÍTIMA,FINALIZADA,ILHA JOANA BEZERRA,ILHA JOANA BEZERRA,SUBURBIO,ABALROAMENTO LONGITUDINAL,0.0,0.0,0.0,0.0,0.0,0.0,0.0,0.0,0.0,Longo da via,Bom,Sem defeito,Perfeito estado,Seca,Perfeito estado,Não existe,Não há placas,Dupla,Faixa contínua,2020,4,2,3,0
COM VÍTIMA,FINALIZADA,SANTO AMARO,SANTO AMARO,SUBURBIO,COLISÃO FRONTAL,0.0,0.0,0.0,0.0,0.0,0.0,0.0,0.0,0.0,Longo da via,Bom,Não existe,Perfeito estado,Seca,Perfeito estado,Não existe,Não há placas,Dupla,Faixa seccionada,2020,12,2,2,0
SEM VÍTIMA,FINALIZADA,MACAXEIRA,MACAXEIRA,SUBURBIO,COLISÃO TRASEIRA,0.0,0.0,0.0,0.0,0.0,0.0,0.0,0.0,0.0,Longo da via,Bom,Não existe,Não informado,Seca,Perfeito estado,Não existe,Não há placas,Única,Não existe,2020,2,10,0,0
COM VÍTIMA,FINALIZADA,NOVA DESCOBERTA,NOVA DESCOBERTA,CIDADE,ABALROAMENTO LONGITUDINAL,0.0,0.0,0.0,0.0,0.0,0.0,0.0,0.0,0.0,Longo da via,Bom,Sem defeito,Perfeito estado,Seca,Perfeito estado,Não informado,Outras,Dupla,Faixa seccionada,2020,6,10,2,0
COM VÍTIMA,CANCELADA,BOA VIAGEM,BOA VIAGEM,Não informado,COLISÃO,0.0,0.0,0.0,0.0,0.0,0.0,0.0,0.0,0.0,Não informado,Não informado,Não informado,Não informado,Não informado,Não informado,Não informado,Não informado,Não informado,Não informado,2020,7,6,0,0
Não informado,FINALIZADA,MUSTARDINHA,MUSTARDINHA,CIDADE,COLISÃO TRANSVERSAL,2.0,1.0,0.0,0.0,0.0,0.0,0.0,0.0,0.0,Cruzamento,Bom,Sem defeito,Incompleta,Seca,Mal conservada,Faixa de retenção,Outras,Dupla,Faixa seccionada,2022,3,7,0,1
SEM VÍTIMA,FINALIZADA,CORDEIRO,CORDEIRO,CIDADE,COLISÃO,0.0,0.0,0.0,0.0,0.0,0.0,0.0,0.0,0.0,Longo da via,Bom,Não existe,Perfeito estado,Seca,Perfeito estado,Não existe,Não há placas,Única,Faixa seccionada,2020,7,1,2,0
Não informado,FINALIZADA,IPUTINGA,IPUTINGA,SUBURBIO,COLISÃO TRASEIRA,1.0,0.0,0.0,0.0,0.0,0.0,0.0,1.0,0.0,Longo da via,Bom,Não existe,Não existente,Seca,Perfeito estado,Não existe,Não há placas,Dupla,Faixa contínua,2022,12,12,0,0
Não informado,FINALIZADA,SANTO ANTÔNIO,SANTO ANTÔNIO,CI,COLISÃO FRONTAL,0.0,2.0,0.0,0.0,0.0,0.0,0.0,0.0,0.0,Cruzamento,Bom,Sem defeito,Perfeito estado,Seca,Perfeito estado,Faixa de pedestre,R-6a,Única,Faixa contínua,2022,8,18,3,1
COM VÍTIMA,FINALIZADA,IMBIRIBEIRA,IMBIRIBEIRA,Não informado,COLISÃO LATERAL,0.0,0.0,0.0,0.0,0.0,0.0,0.0,0.0,0.0,Cruzamento,Bom,Não existe,Ilegível,Seca,Mal iluminada,Não existe,Não há placas,Dupla,Faixa seccionada,2021,1,12,1,0
Não informado,FINALIZADA,MADALENA,MADALENA,CIDADE,COLISÃO TRANSVERSAL,2.0,0.0,0.0,0.0,0.0,0.0,0.0,0.0,0.0,Longo da via,Bom,Não existe,Perfeito estado,Seca,Perfeito estado,Não existe,R-6a,Única,Faixa seccionada,2022,6,12,6,1
SEM VÍTIMA,CANCELADA,ÁGUA FRIA,ÁGUA FRIA,Não informado,COLISÃO,0.0,0.0,0.0,0.0,0.0,0.0,0.0,0.0,0.0,Não informado,Não informado,Não informado,Não informado,Não informado,Não informado,Não informado,Não informado,Não informado,Não informado,2020,8,9,6,0
COM VÍTIMA,FINALIZADA,BOA VIAGEM,BOA VIAGEM,CIDADE,ABALROAMENTO LONGITUDINAL,0.0,0.0,0.0,0.0,0.0,0.0,0.0,0.0,0.0,Cruzamento,Bom,Não existe,Perfeito estado,Seca,Perfeito estado,Não existe,Não há placas,Dupla,Canteiro central,2020,1,3,4,0
Não informado,FINALIZADA,IBURA,IBURA,SUBURBIO,COLISÃO FRONTAL,0.0,1.0,0.0,0.0,0.0,0.0,0.0,1.0,0.0,Longo da via,Bom,Não existe,Não existente,Seca,Mal conservada,Não existe,Não há placas,Dupla,Não existe,2022,12,25,6,0
SEM VÍTIMA,CANCELADA,VASCO DA GAMA,VASCO DA GAMA,Não informado,COLISÃO,0.0,0.0,0.0,0.0,0.0,0.0,0.0,0.0,0.0,Não informado,Não informado,Não informado,Não informado,Não informado,Não informado,Não informado,Não informado,Não informado,Não informado,2020,2,24,0,0
COM VÍTIMA,FINALIZADA,ÁGUA FRIA,ÁGUA FRIA,CIDADE,COLISÃO FRONTAL,0.0,0.0,0.0,0.0,0.0,0.0,0.0,0.0,0.0,Longo da via,Bom,Não existe,Incompleta,Seca,Perfeito estado,Não existe,Não há placas,Dupla,Não existe,2020,7,7,1,0
SEM VÍTIMA,FINALIZADA,PINA,PINA,SUBURBIO,COLISÃO TRASEIRA,0.0,0.0,0.0,0.0,0.0,0.0,0.0,0.0,0.0,Longo da via,Bom,Não existe,Perfeito estado,Seca,Perfeito estado,Não existe,Outras,Única,Não existe,2021,12,3,4,0
Não informado,FINALIZADA,AFOGADOS,AFOGADOS,SUBURBIO,COLISÃO LATERAL,1.0,1.0,0.0,0.0,0.0,0.0,0.0,0.0,0.0,Cruzamento,Chuvoso,Não existe,Incompleta,Molhada,Mal conservada,Não existe,Não há placas,Dupla,Não existe,2022,7,5,1,1
Não informado,FINALIZADA,IPSEP,IPSEP,SUBURBIO,COLISÃO LATERAL,1.0,1.0,0.0,0.0,0.0,0.0,0.0,0.0,0.0,Longo da via,Bom,Não existe,Perfeito estado,Seca,Perfeito estado,Não existe,Não há placas,Dupla,Canteiro central,2022,9,21,2,1
COM VÍTIMA,FINALIZADA,CORDEIRO,CORDEIRO,SUBURBIO,ABALROAMENTO TRANSVERSAL,0.0,0.0,0.0,0.0,0.0,0.0,0.0,0.0,0.0,Cruzamento,Bom,Sem defeito,Perfeito estado,Seca,Perfeito estado,Não existe,R-5a,Dupla,Faixa contínua,2020,4,29,2,0
SEM VÍTIMA,FINALIZADA,SANTO AMARO,SANTO AMARO,CIDADE,COLISÃO,0.0,0.0,0.0,0.0,0.0,0.0,0.0,0.0,0.0,Cruzamento,Chuvoso,Não existe,Perfeito estado,Molhada,Perfeito estado,Faixa de retenção,Placas Pare,Dupla,Não informado,2020,5,20,2,0
Não informado,FINALIZADA,IBURA,IBURA,SUBURBIO,COLISÃO TRASEIRA,2.0,0.0,0.0,0.0,0.0,0.0,0.0,0.0,0.0,Longo da via,Bom,Não existe,Perfeito estado,Seca,Perfeito estado,Outros,Não informado,Única,Faixa contínua,2022,12,29,3,0
COM VÍTIMA,FINALIZADA,CORDEIRO,CORDEIRO,CIDADE,TOMBAMENTO,0.0,0.0,0.0,0.0,0.0,0.0,0.0,0.0,0.0,Longo da via,Bom,Não existe,Perfeito estado,Seca,Perfeito estado,Não existe,R-6a,Única,Faixa seccionada,2020,11,14,5,0
Não informado,FINALIZADA,MADALENA,MADALENA,Não informado,COLISÃO LATERAL,1.0,1.0,0.0,0.0,0.0,0.0,0.0,0.0,0.0,Longo da via,Bom,Não existe,Perfeito estado,Seca,Perfeito estado,Não existe,R-6a,Dupla,Faixa contínua,2022,9,6,1,1
Não informado,FINALIZADA,SÃO JOSÉ,SÃO JOSÉ,SUBURBIO,ATROPELAMENTO DE PESSOA,1.0,0.0,0.0,0.0,1.0,0.0,0.0,0.0,0.0,Longo da via,Bom,Não existe,Incompleta,Seca,Perfeito estado,Outros,Outras,Única,Não existe,2022,7,23,5,1
SEM VÍTIMA,CANCELADA,CORDEIRO,CORDEIRO,Não informado,COLISÃO,0.0,0.0,0.0,0.0,0.0,0.0,0.0,0.0,0.0,Não informado,Não informado,Não informado,Não informado,Não informado,Não informado,Não informado,Não informado,Não informado,Não informado,2020,1,24,4,0
COM VÍTIMA,FINALIZADA,PINA,PINA,CIDADE,COLISÃO FRONTAL,0.0,0.0,0.0,0.0,0.0,0.0,0.0,0.0,0.0,Cruzamento,Bom,Sem defeito,Perfeito estado,Seca,Perfeito estado,Agente,Não há placas,Única,Faixa seccionada,2020,8,7,4,0
Não informado,FINALIZADA,CASA AMARELA,CASA AMARELA,SUBURBIO,COLISÃO LATERAL,1.0,0.0,0.0,0.0,0.0,0.0,1.0,0.0,0.0,Cruzamento,Bom,Não existe,Perfeito estado,Seca,Perfeito estado,Faixa de pedestre,"Placas ""Pare""",Única,Faixa contínua,2022,12,20,1,1
SEM VÍTIMA,FINALIZADA,APIPUCOS,APIPUCOS,Não informado,COLISÃO LATERAL,0.0,0.0,0.0,0.0,0.0,0.0,0.0,0.0,0.0,Não informado,Não informado,Não informado,Não informado,Não informado,Não informado,Não informado,Não informado,Não informado,Não informado,2021,6,29,1,0
Não informado,FINALIZADA,DERBY,DERBY,SUBURBIO,QUEDA,0.0,1.0,0.0,0.0,0.0,0.0,0.0,0.0,0.0,Longo da via,Bom,Sem defeito,Perfeito estado,Seca,Perfeito estado,Faixa de pedestre,Outras,Única,Canteiro central,2022,7,6,2,1
COM VÍTIMA,FINALIZADA,IPUTINGA,IPUTINGA,CIDADE,COLISÃO COM CICLISTA,0.0,0.0,0.0,0.0,0.0,0.0,0.0,0.0,0.0,Longo da via,Chuvoso,Sem defeito,Perfeito estado,Molhada,Perfeito estado,Faixa de pedestre,Outras,Dupla,Faixa contínua,2021,8,9,0,0
Não informado,CANCELADA,CASA AMARELA,CASA AMARELA,CIDADE,QUEDA,0.0,1.0,0.0,0.0,0.0,0.0,0.0,0.0,0.0,Não informado,Não informado,Não informado,Não informado,Não informado,Não informado,Não informado,Não informado,Não informado,Não informado,2022,2,17,3,1
SEM VÍTIMA,FINALIZADA,PRADO,PRADO,Não informado,ABALROAMENTO TRANSVERSAL,0.0,0.0,0.0,0.0,0.0,0.0,0.0,0.0,0.0,Longo da via,Bom,Não existe,Não existente,Seca,Perfeito estado,Não existe,Não há placas,Única,Não existe,2020,1,3,4,0
COM VÍTIMA,FINALIZADA,BOA VIAGEM,BOA VIAGEM,SUBURBIO,COLISÃO TRASEIRA,0.0,0.0,0.0,0.0,0.0,0.0,0.0,0.0,0.0,Longo da via,Bom,Não existe,Perfeito estado,Seca,Perfeito estado,Não existe,Não há placas,Única,Faixa seccionada,2021,10,29,4,0
COM VÍTIMA,FINALIZADA,AFOGADOS,AFOGADOS,SUBURBIO,COLISÃO LATERAL,0.0,0.0,0.0,0.0,0.0,0.0,0.0,0.0,0.0,Longo da via,Bom,Não existe,Perfeito estado,Seca,Perfeito estado,Faixa de pedestre,Outras,Dupla,Faixa seccionada,2021,2,22,0,0
SEM VÍTIMA,FINALIZADA,CASA FORTE,CASA FORTE,CIDADE,COLISÃO TRASEIRA,0.0,0.0,0.0,0.0,0.0,0.0,0.0,0.0,0.0,Longo da via,Chuvoso,Não existe,Perfeito estado,Molhada,Perfeito estado,Outros,Outras,Dupla,Faixa contínua,2021,10,6,2,0
COM VÍTIMA,FINALIZADA,CASA AMARELA,CASA AMARELA,CIDADE,COLISÃO FRONTAL,0.0,0.0,0.0,0.0,0.0,0.0,0.0,0.0,0.0,Longo da via,Bom,Não existe,Ilegível,Seca,Mal conservada,Não existe,Não informado,Única,Não existe,2021,4,28,2,0
COM VÍTIMA,FINALIZADA,BOA VIAGEM,BOA VIAGEM,Não informado,COLISÃO LATERAL,0.0,0.0,0.0,0.0,0.0,0.0,0.0,0.0,0.0,Cruzamento,Bom,Sem defeito,Perfeito estado,Seca,Perfeito estado,Faixa de pedestre,Outras,Única,Faixa seccionada,2021,1,9,5,0
COM VÍTIMA,FINALIZADA,TORRE,TORRE,Não informado,COLISÃO LATERAL,0.0,0.0,0.0,0.0,0.0,0.0,0.0,0.0,0.0,Longo da via,Bom,Não existe,Não existente,Seca,Perfeito estado,Não existe,Outras,Única,Faixa seccionada,2021,6,12,5,0
Não informado,FINALIZADA,PRADO,PRADO,SUBURBIO,COLISÃO LATERAL,2.0,0.0,0.0,0.0,0.0,0.0,0.0,0.0,0.0,Cruzamento,Bom,Não existe,Incompleta,Seca,Perfeito estado,Faixa de pedestre,Não há placas,Única,Faixa contínua,2022,2,13,6,1
SEM VÍTIMA,CANCELADA,ROSARINHO,ROSARINHO,Não informado,COLISÃO,0.0,0.0,0.0,0.0,0.0,0.0,0.0,0.0,0.0,Não informado,Não informado,Não informado,Não informado,Não informado,Não informado,Não informado,Não informado,Não informado,Não informado,2020,2,8,5,0