natureza_acidente,situacao,bairro,bairro_cruzamento,sentido_via,tipo,auto,moto,ciclom,ciclista,pedestre,onibus,caminhao,viatura,outros,acidente_verificado,tempo_clima,situacao_semaforo,sinalizacao,condicao_via,conservacao_via,ponto_controle,situacao_placa,mao_direcao,divisao_via1,ano,mes,dia,dia_semana,vitima
SEM VÍTIMA,CANCELADA,COHAB,COHAB,Não informado,CHOQUE OBJETO FIXO,0.0,0.0,0.0,0.0,0.0,0.0,0.0,0.0,0.0,Não informado,Não informado,Não informado,Não informado,Não informado,Não informado,Não informado,Não informado,Não informado,Não informado,2020,8,2,6,0
COM VÍTIMA,FINALIZADA,DERBY,DERBY,CIDADE,ABALROAMENTO LONGITUDINAL,0.0,0.0,0.0,0.0,0.0,0.0,0.0,0.0,0.0,Cruzamento,Bom,Sem defeito,Perfeito estado,Seca,Perfeito estado,Faixa de pedestre,Não há placas,Única,Não informado,2020,9,23,2,0
SEM VÍTIMA,CANCELADA,IMBIRIBEIRA,IMBIRIBEIRA,Não informado,COLISÃO LATERAL,0.0,0.0,0.0,0.0,0.0,0.0,0.0,0.0,0.0,Não informado,Não informado,Não informado,Não informado,Não informado,Não informado,Não informado,Não informado,Não informado,Não informado,2021,11,10,2,0
COM VÍTIMA,FINALIZADA,IMBIRIBEIRA,IMBIRIBEIRA,CIDADE,CHOQUE,0.0,0.0,0.0,0.0,0.0,0.0,0.0,0.0,0.0,Longo da via,Bom,Não existe,Não existente,Seca,Perfeito estado,Não existe,Não há placas,Única,Faixa seccionada,2021,11,27,5,0
Não informado,FINALIZADA,BOA VIAGEM,BOA VIAGEM,SUBURBIO,ATROPELAMENTO DE PESSOA,0.0,1.0,0.0,0.0,1.0,0.0,0.0,0.0,0.0,Longo da via,Chuvoso,Não informado,Perfeito estado,Molhada,Mal conservada,Não existe,Outras,Única,Faixa contínua,2022,5,27,4,1
COM VÍTIMA,FINALIZADA,CASA AMARELA,CASA AMARELA,CIDADE,ATROPELAMENTO DE PESSOA,0.0,0.0,0.0,0.0,0.0,0.0,0.0,0.0,0.0,Longo da via,Chuvoso,Sem defeito,Perfeito estado,Molhada,Perfeito estado,Não existe,Outras,Única,Faixa contínua,2021,12,23,3,0
Não informado,FINALIZADA,BOA VIAGEM,BOA VIAGEM,SUBURBIO,COLISÃO TRANSVERSAL,2.0,0.0,0.0,0.0,0.0,0.0,0.0,0.0,0.0,Cruzamento,Bom,Não existe,Perfeito estado,Seca,Perfeito estado,Faixa de pedestre,Outras,Única,Não existe,2022,4,15,4,0
SEM VÍTIMA,FINALIZADA,AFOGADOS,AFOGADOS,SUBURBIO,ABALROAMENTO LONGITUDINAL,0.0,0.0,0.0,0.0,0.0,0.0,0.0,0.0,0.0,Cruzamento,Bom,Sem defeito,Perfeito estado,Seca,Perfeito estado,Faixa de pedestre,Outras,Única,Faixa seccionada,2020,1,24,4,0
SEM VÍTIMA,CANCELADA,BOA VISTA,BOA VISTA,Não informado,COLISÃO,0.0,0.0,0.0,0.0,0.0,0.0,0.0,0.0,0.0,Não informado,Não informado,Não informado,Não informado,Não informado,Não informado,Não informado,Não informado,Não informado,Não informado,2021,2,13,5,0
SEM VÍTIMA,FINALIZADA,IMBIRIBEIRA,IMBIRIBEIRA,AEROPORTO,COLISÃO,0.0,0.0,0.0,0.0,0.0,0.0,0.0,0.0,0.0,Longo da via,Bom,Sem defeito,Perfeito estado,Seca,Perfeito estado,Faixa de pedestre,Não há placas,Única,Faixa contínua,2020,2,15,5,0
Não informado,CANCELADA,BOA VIAGEM,BOA VIAGEM,Não informado,COLISÃO LATERAL,2.0,0.0,0.0,0.0,0.0,0.0,0.0,0.0,0.0,Não informado,Não informado,Não informado,Não informado,Não informado,Não informado,Não informado,Não informado,Não informado,Não informado,2022,12,3,5,0
Não informado,FINALIZADA,IPUTINGA,IPUTINGA,SUBURBIO,COLISÃO FRONTAL,1.0,1.0,0.0,0.0,0.0,0.0,0.0,0.0,0.0,Cruzamento,Bom,Não existe,Não existente,Seca,Perfeito estado,Não existe,Não há placas,Dupla,Faixa contínua,2022,11,23,2,1
COM VÍTIMA,FINALIZADA,AREIAS,AREIAS,AEROPORTO,ABALROAMENTO LONGITUDINAL,0.0,0.0,0.0,0.0,0.0,0.0,0.0,0.0,0.0,Longo da via,Bom,Sem defeito,Incompleta,Seca,Perfeito estado,Faixa de retenção,Outras,Dupla,Canteiro central,2020,7,13,0,0
COM VÍTIMA,FINALIZADA,CORDEIRO,CORDEIRO,SUBURBIO,ABALROAMENTO LONGITUDINAL,0.0,0.0,0.0,0.0,0.0,0.0,0.0,0.0,0.0,Longo da via,Bom,Sem defeito,Perfeito estado,Seca,Perfeito estado,Não existe,Não há placas,Dupla,Faixa seccionada,2020,12,16,2,0
SEM VÍTIMA,FINALIZADA,BOA VISTA,BOA VISTA,Não informado,COLISÃO TRASEIRA,0.0,0.0,0.0,0.0,0.0,0.0,0.0,0.0,0.0,Longo da via,Chuvoso,Sem defeito,Perfeito estado,Molhada,Perfeito estado,Agente,Outras,Dupla,Faixa seccionada,2020,1,31,4,0
Não informado,FINALIZADA,BOA VISTA,BOA VISTA,CIDADE,ATROPELAMENTO DE PESSOA,1.0,0.0,0.0,0.0,1.0,0.0,0.0,0.0,0.0,Longo da via,Bom,Sem defeito,Perfeito estado,Seca,Perfeito estado,Faixa de pedestre,R-6a,Única,Faixa contínua,2022,11,17,3,1
Não informado,FINALIZADA,AREIAS,AREIAS,Não informado,ATROPELAMENTO DE ANIMAL,1.0,0.0,0.0,0.0,0.0,0.0,0.0,0.0,1.0,Não informado,Não informado,Não informado,Não informado,Não informado,Não informado,Não informado,Não informado,Não informado,Não informado,2022,7,31,6,0
COM VÍTIMA,FINALIZADA,MANGABEIRA,MANGABEIRA,Não informado,ATROPELAMENTO,0.0,0.0,0.0,0.0,0.0,0.0,0.0,0.0,0.0,Longo da via,Bom,Não informado,Perfeito estado,Seca,Perfeito estado,Não existe,Outras,Dupla,Canteiro central,2020,12,30,2,0
Não informado,FINALIZADA,AREIAS,AREIAS,CIDADE,COLISÃO TRASEIRA,1.0,1.0,0.0,0.0,0.0,0.0,0.0,0.0,0.0,Longo da via,Bom,Intermitente,Perfeito estado,Seca,Perfeito estado,Faixa de pedestre,R-6a,Dupla,Canteiro central,2022,11,16,2,1
Não informado,FINALIZADA,BARRO,BARRO,CIDADE,COLISÃO LATERAL,0.0,0.0,0.0,0.0,0.0,0.0,0.0,0.0,0.0,Não informado,Não informado,Não informado,Não informado,Não informado,Não informado,Não informado,Não informado,Não informado,Não informado,2022,8,1,0,1
COM VÍTIMA,FINALIZADA,IMBIRIBEIRA,IMBIRIBEIRA,CIDADE,COLISÃO TRASEIRA,0.0,0.0,0.0,0.0,0.0,0.0,0.0,0.0,0.0,Longo da via,Bom,Sem defeito,Perfeito estado,Seca,Perfeito estado,Faixa de pedestre,R-32,Dupla,Canteiro central,2020,6,30,1,0
SEM VÍTIMA,FINALIZADA,AFOGADOS,AFOGADOS,CIDADE,COLISÃO,0.0,0.0,0.0,0.0,0.0,0.0,0.0,0.0,0.0,Longo da via,Bom,Não existe,Não existente,Seca,Perfeito estado,Não existe,Não há placas,Dupla,Faixa contínua,2020,2,20,3,0
Não informado,FINALIZADA,ESPINHEIRO,ESPINHEIRO,Não informado,ATROPELAMENTO DE PESSOA,1.0,0.0,0.0,0.0,1.0,0.0,0.0,0.0,0.0,Longo da via,Bom,Não existe,Perfeito estado,Seca,Perfeito estado,Faixa de pedestre,R-6a,Única,Faixa,2022,8,16,1,1
SEM VÍTIMA,FINALIZADA,SÃO JOSÉ,SÃO JOSÉ,SUBURBIO,ABALROAMENTO LONGITUDINAL,0.0,0.0,0.0,0.0,0.0,0.0,0.0,0.0,0.0,Longo da via,Bom,Não existe,Perfeito estado,Seca,Perfeito estado,Não existe,Não há placas,Dupla,Canteiro central,2020,1,28,1,0
SEM VÍTIMA,PENDENTE,GRAÇAS,GRAÇAS,SUBURBIO,COLISÃO,0.0,0.0,0.0,0.0,0.0,0.0,0.0,0.0,0.0,Longo da via,Bom,Não existe,Perfeito estado,Seca,Perfeito estado,Não existe,R-6a,Única,Faixa contínua,2020,2,13,3,0
COM VÍTIMA,FINALIZADA,MADALENA,MADALENA,SUBURBIO,ABALROAMENTO LONGITUDINAL,0.0,0.0,0.0,0.0,0.0,0.0,0.0,0.0,0.0,Cruzamento,Bom,Sem defeito,Perfeito estado,Seca,Perfeito estado,Faixa de pedestre,Não há placas,Única,Canteiro central,2020,11,14,5,0
Não informado,FINALIZADA,PARNAMIRIM,PARNAMIRIM,CIDADE,COLISÃO TRASEIRA,1.0,0.0,0.0,0.0,0.0,0.0,0.0,1.0,0.0,Cruzamento,Bom,Sem defeito,Perfeito estado,Seca,Perfeito estado,Faixa de pedestre,R-6a,Única,Faixa contínua,2022,12,16,4,0
SEM VÍTIMA,FINALIZADA,AFOGADOS,AFOGADOS,CIDADE,COLISÃO,0.0,0.0,0.0,0.0,0.0,0.0,0.0,0.0,0.0,Cruzamento,Bom,Não existe,Incompleta,Seca,Perfeito estado,Não existe,Não há placas,Única,Faixa contínua,2020,2,14,4,0
SEM VÍTIMA,DUPLICIDADE,IMBIRIBEIRA,IMBIRIBEIRA,Não informado,COLISÃO,0.0,0.0,0.0,0.0,0.0,0.0,0.0,0.0,0.0,Não informado,Não informado,Não informado,Não informado,Não informado,Não informado,Não informado,Não informado,Não informado,Não informado,2020,1,29,2,0
SEM VÍTIMA,FINALIZADA,AFOGADOS,AFOGADOS,SUBURBIO,ABALROAMENTO TRANSVERSAL,0.0,0.0,0.0,0.0,0.0,0.0,0.0,0.0,0.0,Cruzamento,Bom,Não existe,Incompleta,Seca,Perfeito estado,Não existe,Não há placas,Não informado,Faixa contínua,2020,2,4,1,0
Não informado,CANCELADA,CORDEIRO,CORDEIRO,SUBURBIO,ATROPELAMENTO DE PESSOA,0.0,1.0,0.0,0.0,1.0,0.0,0.0,0.0,0.0,Não informado,Não informado,Não informado,Não informado,Não informado,Não informado,Não informado,Não informado,Não informado,Não informado,2022,6,9,3,1
Não informado,FINALIZADA,CAMPO GRANDE,CAMPO GRANDE,CIDADE,COLISÃO TRANSVERSAL,2.0,0.0,0.0,1.0,0.0,0.0,0.0,0.0,0.0,Cruzamento,Bom,Com defeito,Perfeito estado,Seca,Perfeito estado,Outros,Outras,Dupla,Faixa contínua,2022,6,10,4,1
SEM VÍTIMA,FINALIZADA,SANTO AMARO,SANTO AMARO,Não informado,COLISÃO LATERAL,0.0,0.0,0.0,0.0,0.0,0.0,0.0,0.0,0.0,Longo da via,Bom,Não existe,Incompleta,Seca,Mal conservada,Não existe,Outras,Dupla,Faixa contínua,2021,1,6,2,0
SEM VÍTIMA,FINALIZADA,MACAXEIRA,MACAXEIRA,SUBURBIO,COLISÃO,0.0,0.0,0.0,0.0,0.0,0.0,0.0,0.0,0.0,Longo da via,Chuvoso,Sem defeito,Perfeito estado,Molhada,Perfeito estado,Faixa de pedestre,Outras,Única,Faixa contínua,2020,2,20,3,0
SEM VÍTIMA,FINALIZADA,BOA VISTA,BOA VISTA,SUBURBIO,CHOQUE VEÍCULO PARADO,0.0,0.0,0.0,0.0,0.0,0.0,0.0,0.0,0.0,Longo da via,Bom,Não existe,Perfeito estado,Seca,Perfeito estado,Não existe,Outras,Única,Não existe,2020,2,21,4,0
COM VÍTIMA,FINALIZADA,MANGABEIRA,MANGABEIRA,CIDADE,COLISÃO LATERAL,0.0,0.0,0.0,0.0,0.0,0.0,0.0,0.0,0.0,Longo da via,Bom,Não existe,Perfeito estado,Seca,Perfeito estado,Não existe,R-6a,Dupla,Faixa seccionada,2021,3,20,5,0
SEM VÍTIMA,FINALIZADA,BOA VIAGEM,BOA VIAGEM,Não informado,ABALROAMENTO LONGITUDINAL,0.0,0.0,0.0,0.0,0.0,0.0,0.0,0.0,0.0,Longo da via,Bom,Não existe,Perfeito estado,Seca,Perfeito estado,Não existe,R-6a,Única,Faixa seccionada,2020,8,28,4,0
Não informado,FINALIZADA,GUABIRABA,GUABIRABA,Não informado,COLISÃO LATERAL,1.0,1.0,0.0,0.0,0.0,0.0,0.0,0.0,0.0,Não informado,Não informado,Não informado,Não informado,Não informado,Não informado,Não informado,Não informado,Não informado,Não informado,2022,7,4,0,1
COM VÍTIMA,FINALIZADA,ESPINHEIRO,ESPINHEIRO,CIDADE,ABALROAMENTO TRANSVERSAL,0.0,0.0,0.0,0.0,0.0,0.0,0.0,0.0,0.0,Esquina,Chuvoso,Não existe,Incompleta,Seca,Perfeito estado,Não existe,Não há placas,Dupla,Faixa seccionada,2020,2,13,3,0
Não informado,FINALIZADA,ILHA JOANA BEZERRA,ILHA JOANA BEZERRA,CIDADE,ATROPELAMENTO DE ANIMAL,0.0,0.0,0.0,0.0,0.0,0.0,0.0,0.0,0.0,Não informado,Não informado,Não informado,Não informado,Não informado,Não informado,Não informado,Não informado,Não informado,Não informado,2022,7,31,6,0
COM VÍTIMA,FINALIZADA,TORREÃO,TORREÃO,CIDADE,ABALROAMENTO TRANSVERSAL,0.0,0.0,0.0,0.0,0.0,0.0,0.0,0.0,0.0,Longo da via,Bom,Sem defeito,Perfeito estado,Seca,Perfeito estado,Não existe,Não há placas,Única,Faixa seccionada,2020,9,7,0,0
Não informado,FINALIZADA,BOA VIAGEM,BOA VIAGEM,SUBURBIO,COLISÃO TRANSVERSAL,1.0,1.0,0.0,0.0,0.0,0.0,0.0,0.0,0.0,Cruzamento,Bom,Não existe,Perfeito estado,Seca,Perfeito estado,Faixa de retenção,"Placas ""Pare""",Dupla,Faixa contínua,2022,5,15,6,1
Não informado,FINALIZADA,BOA VISTA,BOA VISTA,CIDADE,COLISÃO LATERAL,1.0,1.0,0.0,0.0,0.0,0.0,0.0,0.0,0.0,Longo da via,Bom,Sem defeito,Perfeito estado,Seca,Perfeito estado,Agente,R-6a,Única,Faixa seccionada,2022,4,11,0,1
Não informado,FINALIZADA,GRAÇAS,GRAÇAS,Não informado,COLISÃO LATERAL,1.0,1.0,0.0,0.0,0.0,0.0,0.0,0.0,0.0,Longo da via,Chuvoso,Não existe,Não informado,Molhada,Perfeito estado,Não informado,Não informado,Não informado,Não informado,2022,7,16,5,1
Não informado,FINALIZADA,BAIRRO DO RECIFE,BAIRRO DO RECIFE,SUBURBIO,QUEDA,0.0,1.0,0.0,0.0,0.0,0.0,0.0,0.0,0.0,Ponte,Chuvoso,Não existe,Não existente,Oleosa,Perfeito estado,Não existe,Não há placas,Dupla,Canteiro central,2022,6,24,4,1
SEM VÍTIMA,FINALIZADA,BOA VIAGEM,BOA VIAGEM,SUBURBIO,SEMÁFORO,0.0,0.0,0.0,0.0,0.0,0.0,0.0,0.0,0.0,Não informado,Não informado,Não informado,Não informado,Não informado,Não informado,Não informado,Não informado,Não informado,Não informado,2021,4,20,1,0
Não informado,FINALIZADA,BOA VIAGEM,BOA VIAGEM,Não informado,ATROPELAMENTO DE PESSOA,1.0,0.0,0.0,0.0,1.0,0.0,0.0,0.0,0.0,Cruzamento,Bom,Não existe,Perfeito estado,Seca,Perfeito estado,Não existe,Não há placas,Única,Não existe,2022,8,1,0,1
COM VÍTIMA,FINALIZADA,CAMPO GRANDE,CAMPO GRANDE,SUBURBIO,COLISÃO TRASEIRA,0.0,0.0,0.0,0.0,0.0,0.0,0.0,0.0,0.0,Longo da via,Bom,Sem defeito,Perfeito estado,Seca,Mal conservada,Não informado,Não informado,Dupla,Faixa contínua,2020,9,8,1,0
SEM VÍTIMA,FINALIZADA,VÁRZEA,VÁRZEA,Não informado,COLISÃO TRASEIRA,0.0,0.0,0.0,0.0,0.0,0.0,0.0,0.0,0.0,Não informado,Bom,Não existe,Perfeito estado,Seca,Perfeito estado,Não existe,Não há placas,Não informado,Não existe,2021,9,15,2,0
Não informado,FINALIZADA,CAXANGÁ,CAXANGÁ,SUBURBIO,COLISÃO TRASEIRA,2.0,1.0,0.0,0.0,0.0,0.0,0.0,0.0,0.0,Longo da via,Bom,Sem defeito,Perfeito estado,Seca,Perfeito estado,Faixa de pedestre,Não informado,Única,Faixa seccionada,2022,11,21,0,1
SEM VÍTIMA,CANCELADA,CORDEIRO,CORDEIRO,CEASA,COLISÃO,0.0,0.0,0.0,0.0,0.0,0.0,0.0,0.0,0.0,Não informado,Não informado,Não informado,Não informado,Não informado,Não informado,Não informado,Não informado,Não informado,Não informado,2020,1,24,4,0
COM VÍTIMA,FINALIZADA,AFOGADOS,AFOGADOS,SUBURBIO,COLISÃO COM CICLISTA,0.0,0.0,0.0,0.0,0.0,0.0,0.0,0.0,0.0,Longo da via,Bom,Não existe,Perfeito estado,Seca,Perfeito estado,Não existe,Outras,Única,Faixa seccionada,2021,6,12,5,0
Não informado,FINALIZADA,BOA VIAGEM,BOA VIAGEM,Não informado,COLISÃO FRONTAL,1.0,1.0,0.0,0.0,0.0,0.0,0.0,0.0,0.0,Cruzamento,Chuvoso,Não existe,Ilegível,Molhada,Mal conservada,Não existe,"Placas ""Pare""",Dupla,Faixa seccionada,2022,8,22,0,1
COM VÍTIMA,FINALIZADA,TEJIPIÓ,TEJIPIÓ,CIDADE,ABALROAMENTO TRANSVERSAL,0.0,0.0,0.0,0.0,0.0,0.0,0.0,0.0,0.0,Cruzamento,Bom,Não existe,Ilegível,Seca,Perfeito estado,Não existe,R-6a,Dupla,Faixa contínua,2020,9,16,2,0
SEM VÍTIMA,FINALIZADA,BOA VISTA,BOA VISTA,Não informado,COLISÃO,0.0,0.0,0.0,0.0,0.0,0.0,0.0,0.0,0.0,Não informado,Não informado,Não informado,Não informado,Não informado,Não informado,Não informado,Não informado,Não informado,Não informado,2020,11,10,1,0
COM VÍTIMA,CANCELADA,ÁGUA FRIA,ÁGUA FRIA,Não informado,COLISÃO,0.0,0.0,0.0,0.0,0.0,0.0,0.0,0.0,0.0,Não informado,Não informado,Não informado,Não informado,Não informado,Não informado,Não informado,Não informado,Não informado,Não informado,2020,4,3,4,0
Não informado,FINALIZADA,AREIAS,AREIAS,SUBURBIO,COLISÃO TRASEIRA,1.0,1.0,0.0,0.0,0.0,0.0,0.0,0.0,0.0,Longo da via,Bom,Sem defeito,Perfeito estado,Seca,Perfeito estado,Não informado,Não informado,Dupla,Canteiro central,2022,11,14,0,1
COM VÍTIMA,FINALIZADA,ILHA DO LEITE,ILHA DO LEITE,Não informado,COLISÃO TRASEIRA,0.0,0.0,0.0,0.0,0.0,0.0,0.0,0.0,0.0,Longo da via,Bom,Não existe,Perfeito estado,Seca,Perfeito estado,Não informado,Não informado,Única,Faixa seccionada,2020,2,12,2,0
Não informado,CANCELADA,MADALENA,MADALENA,Não informado,COLISÃO LATERAL,2.0,0.0,0.0,0.0,0.0,0.0,0.0,0.0,0.0,Não informado,Não informado,Não informado,Não informado,Não informado,Não informado,Não informado,Não informado,Não informado,Não informado,2022,11,21,0,1
COM VÍTIMA,FINALIZADA,PINA,PINA,CIDADE,QUEDA,0.0,0.0,0.0,0.0,0.0,0.0,0.0,0.0,0.0,Longo da via,Bom,Não existe,Perfeito estado,Seca,Perfeito estado,Não existe,Não há placas,Dupla,Canteiro central,2021,9,25,5,0
COM VÍTIMA,FINALIZADA,JOANA BEZERRA,JOANA BEZERRA,CIDADE,COLISÃO TRANSVERSAL,0.0,0.0,0.0,0.0,0.0,0.0,0.0,0.0,0.0,Cruzamento,Bom,Não existe,Perfeito estado,Seca,Perfeito estado,Faixa de retenção,"Placas ""Pare""",Única,Faixa contínua,2021,11,9,1,0
COM VÍTIMA,FINALIZADA,IMBIRIBEIRA,IMBIRIBEIRA,CIDADE,COLISÃO LATERAL,0.0,0.0,0.0,0.0,0.0,0.0,0.0,0.0,0.0,Longo da via,Bom,Sem defeito,Perfeito estado,Seca,Perfeito estado,Faixa de pedestre,R-6a,Dupla,Canteiro central,2021,7,31,5,0
Não informado,CANCELADA,IPSEP,IPSEP,Não informado,COLISÃO FRONTAL,1.0,1.0,0.0,0.0,0.0,0.0,0.0,0.0,0.0,Não informado,Não informado,Não informado,Não informado,Não informado,Não informado,Não informado,Não informado,Não informado,Não informado,2022,9,12,0,1
Não informado,FINALIZADA,ARRUDA,ARRUDA,CIDADE,COLISÃO FRONTAL,1.0,1.0,0.0,0.0,0.0,0.0,0.0,0.0,0.0,Longo da via,Bom,Não existe,Perfeito estado,Seca,Perfeito estado,Faixa de pedestre,"Placas ""Pare""",Dupla,Não existe,2022,5,21,5,1
COM VÍTIMA,CANCELADA,DOIS UNIDOS,DOIS UNIDOS,Não informado,COLISÃO FRONTAL,0.0,0.0,0.0,0.0,0.0,0.0,0.0,0.0,0.0,Não informado,Não informado,Não informado,Não informado,Não informado,Não informado,Não informado,Não informado,Não informado,Não informado,2021,11,7,6,0
COM VÍTIMA,FINALIZADA,BOA VIAGEM,BOA VIAGEM,Não informado,COLISÃO FRONTAL,0.0,0.0,0.0,0.0,0.0,0.0,0.0,0.0,0.0,Não informado,Não informado,Não informado,Não informado,Não informado,Não informado,Não informado,Não informado,Não informado,Não informado,2021,5,10,0,0
COM VÍTIMA,CANCELADA,NOVA DESCOBERTA,NOVA DESCOBERTA,Não informado,COLISÃO,0.0,0.0,0.0,0.0,0.0,0.0,0.0,0.0,0.0,Não informado,Não informado,Não informado,Não informado,Não informado,Não informado,Não informado,Não informado,Não informado,Não informado,2021,2,21,6,0
SEM VÍTIMA,FINALIZADA,MADALENA,MADALENA,Não informado,COLISÃO TRASEIRA,0.0,0.0,0.0,0.0,0.0,0.0,0.0,0.0,0.0,Longo da via,Bom,Sem defeito,Perfeito estado,Seca,Perfeito estado,Faixa de pedestre,R-4a,Única,Faixa seccionada,2020,3,1,6,0
COM VÍTIMA,FINALIZADA,SANTO ANTÔNIO,SANTO ANTÔNIO,SUBURBIO,COLISÃO TRASEIRA,0.0,0.0,0.0,0.0,0.0,0.0,0.0,0.0,0.0,Longo da via,Bom,Sem defeito,Perfeito estado,Seca,Perfeito estado,Faixa de pedestre,R-6a,Única,Faixa contínua,2020,2,3,0,0
Não informado,FINALIZADA,BOA VIAGEM,BOA VIAGEM,Não informado,COLISÃO FRONTAL,1.0,1.0,0.0,0.0,0.0,0.0,0.0,0.0,0.0,Cruzamento,Bom,Não existe,Perfeito estado,Seca,Perfeito estado,Faixa de pedestre,"Placas ""Pare""",Dupla,Não existe,2022,8,18,3,1
COM VÍTIMA,FINALIZADA,ENGENHO DO MEIO,ENGENHO DO MEIO,Não informado,COLISÃO TRASEIRA,0.0,0.0,0.0,0.0,0.0,0.0,0.0,0.0,0.0,Cruzamento,Bom,Sem defeito,Ilegível,Seca,Perfeito estado,Faixa de pedestre,R-34,Dupla,Não informado,2020,12,11,4,0
Não informado,FINALIZADA,CORDEIRO,CORDEIRO,CIDADE,COLISÃO TRASEIRA,1.0,1.0,0.0,0.0,0.0,0.0,0.0,0.0,0.0,Longo da via,Bom,Sem defeito,Perfeito estado,Seca,Perfeito estado,Faixa de pedestre,Não há placas,Única,Não informado,2022,8,12,4,1
Não informado,FINALIZADA,SAN MARTIN,SAN MARTIN,Não informado,COLISÃO LATERAL,1.0,0.0,0.0,0.0,0.0,0.0,1.0,0.0,0.0,Não informado,Não informado,Não informado,Não informado,Não informado,Não informado,Não informado,Não informado,Não informado,Não informado,2022,10,6,3,0
Não informado,CANCELADA,BONGI,BONGI,Não informado,COLISÃO COM CICLISTA,1.0,0.0,0.0,1.0,0.0,0.0,0.0,0.0,0.0,Não informado,Não informado,Não informado,Não informado,Não informado,Não informado,Não informado,Não informado,Não informado,Não informado,2022,9,16,4,1
SEM VÍTIMA,CANCELADA,TORRE,TORRE,Não informado,CHOQUE,0.0,0.0,0.0,0.0,0.0,0.0,0.0,0.0,0.0,Não informado,Não informado,Não informado,Não informado,Não informado,Não informado,Não informado,Não informado,Não informado,Não informado,2020,12,25,4,0
SEM VÍTIMA,CANCELADA,IPUTINGA,IPUTINGA,Não informado,COLISÃO LATERAL,0.0,0.0,0.0,0.0,0.0,0.0,0.0,0.0,0.0,Não informado,Não informado,Não informado,Não informado,Não informado,Não informado,Não informado,Não informado,Não informado,Não informado,2021,11,29,0,0
VÍTIMA FATAL,FINALIZADA,PRADO,PRADO,SUBURBIO,ABALROAMENTO TRANSVERSAL,0.0,0.0,0.0,0.0,0.0,0.0,0.0,0.0,0.0,Cruzamento,Bom,Não existe,Incompleta,Seca,Perfeito estado,Não existe,Outras,Única,Faixa seccionada,2020,10,16,4,0
SEM VÍTIMA,FINALIZADA,SAN MARTIN,SAN MARTIN,CIDADE,COLISÃO TRASEIRA,0.0,0.0,0.0,0.0,0.0,0.0,0.0,0.0,0.0,Longo da via,Bom,Sem defeito,Perfeito estado,Seca,Perfeito estado,Faixa de pedestre,Outras,Dupla,Faixa contínua,2021,11,8,0,0
COM VÍTIMA,FINALIZADA,IPUTINGA,IPUTINGA,SUBURBIO,COLISÃO TRASEIRA,0.0,0.0,0.0,0.0,0.0,0.0,0.0,0.0,0.0,Longo da via,Bom,Sem defeito,Incompleta,Seca,Mal conservada,Faixa de pedestre,R-6a,Única,Não existe,2020,4,29,2,0
COM VÍTIMA,FINALIZADA,ESPINHEIRO,ESPINHEIRO,SUBURBIO,COLISÃO TRASEIRA,0.0,0.0,0.0,0.0,0.0,0.0,0.0,0.0,0.0,Longo da via,Bom,Sem defeito,Perfeito estado,Seca,Perfeito estado,Faixa de pedestre,Não informado,Dupla,Faixa contínua,2021,7,5,0,0
SEM VÍTIMA,FINALIZADA,TAMARINEIRA,TAMARINEIRA,Não informado,CHOQUE,0.0,0.0,0.0,0.0,0.0,0.0,0.0,0.0,0.0,Não informado,Não informado,Não informado,Não informado,Não informado,Não informado,Não informado,Não informado,Não informado,Não informado,2021,12,28,1,0
COM VÍTIMA,FINALIZADA,CAMPO GRANDE,CAMPO GRANDE,OLINDA,COLISÃO TRASEIRA,0.0,0.0,0.0,0.0,0.0,0.0,0.0,0.0,0.0,Longo da via,Bom,Não existe,Perfeito estado,Seca,Perfeito estado,Outros,R-6a,Dupla,Faixa contínua,2020,12,2,2,0
SEM VÍTIMA,FINALIZADA,SANTO ANTÔNIO,SANTO ANTÔNIO,Não informado,ABALROAMENTO LONGITUDINAL,0.0,0.0,0.0,0.0,0.0,0.0,0.0,0.0,0.0,Não informado,Bom,Sem defeito,Perfeito estado,Seca,Perfeito estado,Faixa de pedestre,Outras,Única,Faixa seccionada,2020,2,9,6,0
COM VÍTIMA,FINALIZADA,ESPINHEIRO,ESPINHEIRO,Não informado,COLISÃO TRANSVERSAL,0.0,0.0,0.0,0.0,0.0,0.0,0.0,0.0,0.0,Cruzamento,Bom,Não existe,Perfeito estado,Seca,Perfeito estado,Faixa de pedestre,"Placas ""Pare""",Dupla,Faixa seccionada,2021,1,15,4,0