natureza_acidente,situacao,bairro,bairro_cruzamento,sentido_via,tipo,auto,moto,ciclom,ciclista,pedestre,onibus,caminhao,viatura,outros,acidente_verificado,tempo_clima,situacao_semaforo,sinalizacao,condicao_via,conservacao_via,ponto_controle,situacao_placa,mao_direcao,divisao_via1,ano,mes,dia,dia_semana,vitima
SEM VÍTIMA,FINALIZADA,MACAXEIRA,MACAXEIRA,SUBURBIO,COLISÃO,0.0,0.0,0.0,0.0,0.0,0.0,0.0,0.0,0.0,Longo da via,Bom,Não existe,Não existente,Seca,Perfeito estado,Não existe,Não há placas,Dupla,Não existe,2020,2,18,1,0
Não informado,FINALIZADA,BOMBA DO HEMETÉRIO,BOMBA DO HEMETÉRIO,SUBURBIO,COLISÃO LATERAL,2.0,1.0,0.0,0.0,0.0,0.0,0.0,0.0,0.0,Longo da via,Bom,Não existe,Não existente,Seca,Perfeito estado,Não existe,Não há placas,Dupla,Não existe,2022,9,17,5,1
COM VÍTIMA,FINALIZADA,BOA VIAGEM,BOA VIAGEM,SUBURBIO,COLISÃO TRASEIRA,0.0,0.0,0.0,0.0,0.0,0.0,0.0,0.0,0.0,Longo da via,Chuvoso,Sem defeito,Perfeito estado,Molhada,Perfeito estado,Não existe,Não há placas,Única,Faixa seccionada,2021,8,10,1,0
Não informado,FINALIZADA,VÁRZEA,VÁRZEA,CIDADE,COLISÃO TRASEIRA,1.0,1.0,0.0,0.0,0.0,0.0,0.0,0.0,0.0,Longo da via,Bom,Sem defeito,Perfeito estado,Seca,Perfeito estado,Faixa de pedestre,R-6a,Dupla,Faixa contínua,2022,2,19,5,1
SEM VÍTIMA,FINALIZADA,SAN MARTIN,SAN MARTIN,CIDADE,ABALROAMENTO LONGITUDINAL,0.0,0.0,0.0,0.0,0.0,0.0,0.0,0.0,0.0,Longo da via,Bom,Não existe,Ilegível,Seca,Mal iluminada,Não existe,Não há placas,Dupla,Faixa contínua,2020,2,27,3,0
SEM VÍTIMA,FINALIZADA,IPUTINGA,IPUTINGA,SUBURBIO,ABALROAMENTO TRANSVERSAL,0.0,0.0,0.0,0.0,0.0,0.0,0.0,0.0,0.0,Cruzamento,Bom,Não existe,Perfeito estado,Seca,Perfeito estado,Outros,Outras,Dupla,Não existe,2020,2,4,1,0
SEM VÍTIMA,FINALIZADA,SANTO AMARO,SANTO AMARO,CIDADE,ABALROAMENTO LONGITUDINAL,0.0,0.0,0.0,0.0,0.0,0.0,0.0,0.0,0.0,Longo da via,Bom,Não existe,Perfeito estado,Seca,Perfeito estado,Não existe,R-6a,Única,Não existe,2020,1,6,0,0
SEM VÍTIMA,FINALIZADA,AFOGADOS,AFOGADOS,CIDADE,COLISÃO,0.0,0.0,0.0,0.0,0.0,0.0,0.0,0.0,0.0,Esquina,Bom,Sem defeito,Perfeito estado,Seca,Perfeito estado,Faixa de pedestre,Outras,Dupla,Faixa contínua,2020,2,13,3,0
Não informado,FINALIZADA,BOA VIAGEM,BOA VIAGEM,SUBURBIO,COLISÃO TRASEIRA,1.0,1.0,0.0,0.0,0.0,0.0,0.0,0.0,0.0,Longo da via,Chuvoso,Sem defeito,Perfeito estado,Molhada,Não informado,Faixa de pedestre,Não informado,Única,Não informado,2022,7,18,0,1
COM VÍTIMA,FINALIZADA,CASA FORTE,CASA FORTE,CIDADE,COLISÃO TRANSVERSAL,0.0,0.0,0.0,0.0,0.0,0.0,0.0,0.0,0.0,Esquina,Chuvoso,Não existe,Perfeito estado,Molhada,Perfeito estado,Não existe,R-6a,Dupla,Faixa contínua,2021,2,26,4,0
COM VÍTIMA,FINALIZADA,GUABIRABA,GUABIRABA,SUBURBIO,ABALROAMENTO LONGITUDINAL,0.0,0.0,0.0,0.0,0.0,0.0,0.0,0.0,0.0,Longo da via,Bom,Não existe,Não existente,Seca,Mal conservada,Não existe,Não há placas,Dupla,Não existe,2020,1,30,3,0
COM VÍTIMA,FINALIZADA,SÃO JOSÉ,SÃO JOSÉ,SUBURBIO,TOMBAMENTO,0.0,0.0,0.0,0.0,0.0,0.0,0.0,0.0,0.0,Longo da via,Chuvoso,Não existe,Perfeito estado,Molhada,Perfeito estado,Outros,Outras,Dupla,Canteiro central,2020,7,3,4,0
SEM VÍTIMA,FINALIZADA,BOA VIAGEM,BOA VIAGEM,CIDADE,COLISÃO TRASEIRA,0.0,0.0,0.0,0.0,0.0,0.0,0.0,0.0,0.0,Longo da via,Bom,Sem defeito,Perfeito estado,Seca,Perfeito estado,Faixa de pedestre,Não informado,Única,Faixa contínua,2020,3,4,2,0
COM VÍTIMA,FINALIZADA,TORRE,TORRE,SUBURBIO,COLISÃO FRONTAL,0.0,0.0,0.0,0.0,0.0,0.0,0.0,0.0,0.0,Cruzamento,Bom,Sem defeito,Perfeito estado,Seca,Perfeito estado,Outros,Outras,Única,Faixa seccionada,2021,8,7,5,0
COM VÍTIMA,FINALIZADA,ILHA JOANA BEZERRA,ILHA JOANA BEZERRA,SUBURBIO,TOMBAMENTO,0.0,0.0,0.0,0.0,0.0,0.0,0.0,0.0,0.0,Viaduto,Chuvoso,Não existe,Perfeito estado,Molhada,Não informado,Outros,R-19,Dupla,Canteiro central,2021,2,14,6,0
COM VÍTIMA,FINALIZADA,AFOGADOS,AFOGADOS,SUBURBIO,COLISÃO TRANSVERSAL,0.0,0.0,0.0,0.0,0.0,0.0,0.0,0.0,0.0,Cruzamento,Bom,Sem defeito,Incompleta,Seca,Perfeito estado,Faixa de pedestre,Outras,Única,Faixa contínua,2021,9,22,2,0
Não informado,FINALIZADA,ESPINHEIRO,ESPINHEIRO,SUBURBIO,CHOQUE,2.0,0.0,0.0,0.0,0.0,0.0,0.0,0.0,0.0,Longo da via,Bom,Não existe,Perfeito estado,Seca,Perfeito estado,Não existe,R-6b,Única,Não existe,2022,1,9,6,1
COM VÍTIMA,FINALIZADA,TORRE,TORRE,SUBURBIO,COLISÃO TRASEIRA,0.0,0.0,0.0,0.0,0.0,0.0,0.0,0.0,0.0,Longo da via,Bom,Sem defeito,Perfeito estado,Seca,Perfeito estado,Faixa de pedestre,R-6a,Dupla,Faixa seccionada,2021,12,3,4,0
SEM VÍTIMA,CANCELADA,NOVA DESCOBERTA,NOVA DESCOBERTA,Não informado,COLISÃO,0.0,0.0,0.0,0.0,0.0,0.0,0.0,0.0,0.0,Não informado,Não informado,Não informado,Não informado,Não informado,Não informado,Não informado,Não informado,Não informado,Não informado,2020,12,7,0,0
COM VÍTIMA,CANCELADA,ILHA DO RETIRO,ILHA DO RETIRO,Não informado,COLISÃO LATERAL,0.0,0.0,0.0,0.0,0.0,0.0,0.0,0.0,0.0,Não informado,Não informado,Não informado,Não informado,Não informado,Não informado,Não informado,Não informado,Não informado,Não informado,2021,8,1,6,0
Não informado,FINALIZADA,CAMPO GRANDE,CAMPO GRANDE,Não informado,COLISÃO LATERAL,0.0,0.0,0.0,0.0,0.0,0.0,0.0,0.0,0.0,Cruzamento,Bom,Não existe,Perfeito estado,Seca,Perfeito estado,Faixa de pedestre,Não há placas,Dupla,Faixa contínua,2022,10,4,1,1
SEM VÍTIMA,DUPLICIDADE,ROSARINHO,ROSARINHO,Não informado,CHOQUE OBJETO FIXO,0.0,0.0,0.0,0.0,0.0,0.0,0.0,0.0,0.0,Não informado,Não informado,Não informado,Não informado,Não informado,Não informado,Não informado,Não informado,Não informado,Não informado,2020,9,11,4,0
Não informado,FINALIZADA,BOMBA DO HEMETÉRIO,BOMBA DO HEMETÉRIO,Não informado,COLISÃO FRONTAL,0.0,0.0,0.0,0.0,0.0,0.0,0.0,0.0,0.0,Não informado,Não informado,Não informado,Não informado,Não informado,Não informado,Não informado,Não informado,Não informado,Não informado,2022,1,16,6,0
Não informado,FINALIZADA,PRADO,PRADO,CIDADE,QUEDA,0.0,1.0,0.0,0.0,0.0,0.0,0.0,0.0,0.0,Longo da via,Bom,Sem defeito,Perfeito estado,Oleosa,Perfeito estado,Faixa de pedestre,"Placas ""Pare""",Dupla,Faixa contínua,2022,1,25,1,1
Não informado,FINALIZADA,IBURA,IBURA,Não informado,ATROPELAMENTO DE PESSOA,0.0,1.0,0.0,0.0,1.0,0.0,0.0,0.0,0.0,Longo da via,Bom,Sem defeito,Perfeito estado,Seca,Perfeito estado,Faixa de pedestre,Não há placas,Dupla,Não existe,2022,9,28,2,1
COM VÍTIMA,FINALIZADA,ILHA DO LEITE,ILHA DO LEITE,SUBURBIO,COLISÃO TRASEIRA,0.0,0.0,0.0,0.0,0.0,0.0,0.0,0.0,0.0,Longo da via,Chuvoso,Sem defeito,Perfeito estado,Molhada,Perfeito estado,Faixa de pedestre,Não há placas,Dupla,Canteiro central,2020,2,10,0,0
SEM VÍTIMA,FINALIZADA,CORDEIRO,CORDEIRO,Não informado,COLISÃO,0.0,0.0,0.0,0.0,0.0,0.0,0.0,0.0,0.0,Não informado,Não informado,Não informado,Não informado,Não informado,Não informado,Não informado,Não informado,Não informado,Não informado,2020,12,2,2,0
Não informado,CANCELADA,VÁRZEA,VÁRZEA,Não informado,COLISÃO TRASEIRA,2.0,0.0,0.0,0.0,0.0,0.0,0.0,0.0,0.0,Não informado,Não informado,Não informado,Não informado,Não informado,Não informado,Não informado,Não informado,Não informado,Não informado,2022,10,30,6,0
COM VÍTIMA,FINALIZADA,BOA VIAGEM,BOA VIAGEM,SUBURBIO,ABALROAMENTO LONGITUDINAL,0.0,0.0,0.0,0.0,0.0,0.0,0.0,0.0,0.0,Longo da via,Bom,Não existe,Incompleta,Seca,Perfeito estado,Não existe,Não há placas,Única,Não existe,2020,12,28,0,0
Não informado,FINALIZADA,PORTO DA MADEIRA,PORTO DA MADEIRA,Não informado,COLISÃO LATERAL,1.0,1.0,0.0,0.0,0.0,0.0,0.0,0.0,0.0,Cruzamento,Bom,Não existe,Perfeito estado,Seca,Perfeito estado,Outros,Não há placas,Dupla,Não existe,2022,10,2,6,1
Não informado,FINALIZADA,SANTO AMARO,SANTO AMARO,Não informado,COLISÃO LATERAL,1.0,1.0,0.0,0.0,0.0,0.0,0.0,0.0,0.0,Cruzamento,Bom,Com defeito,Perfeito estado,Seca,Perfeito estado,Faixa de pedestre,Outras,Única,Faixa contínua,2022,6,30,3,1
SEM VÍTIMA,FINALIZADA,MADALENA,MADALENA,Não informado,ABALROAMENTO LONGITUDINAL,0.0,0.0,0.0,0.0,0.0,0.0,0.0,0.0,0.0,Cruzamento,Bom,Sem defeito,Perfeito estado,Seca,Perfeito estado,Agente,Outras,Única,Não existe,2020,2,10,0,0
SEM VÍTIMA,FINALIZADA,IPSEP,IPSEP,SUBURBIO,COLISÃO TRASEIRA,0.0,0.0,0.0,0.0,0.0,0.0,0.0,0.0,0.0,Longo da via,Bom,Não existe,Perfeito estado,Seca,Perfeito estado,Não existe,R-6a,Dupla,Canteiro central,2020,3,13,4,0
COM VÍTIMA,FINALIZADA,NOVA DESCOBERTA,NOVA DESCOBERTA,Não informado,COLISÃO FRONTAL,0.0,0.0,0.0,0.0,0.0,0.0,0.0,0.0,0.0,Longo da via,Bom,Não existe,Não existente,Seca,Perfeito estado,Não existe,Não há placas,Dupla,Não existe,2020,6,24,2,0
SEM VÍTIMA,FINALIZADA,CASA AMARELA,CASA AMARELA,SUBURBIO,ABALROAMENTO LONGITUDINAL,0.0,0.0,0.0,0.0,0.0,0.0,0.0,0.0,0.0,Longo da via,Bom,Sem defeito,Ilegível,Seca,Mal conservada,Outros,R-6a,Dupla,Não informado,2020,1,10,4,0
SEM VÍTIMA,FINALIZADA,SANTO AMARO,SANTO AMARO,Não informado,CHOQUE,0.0,0.0,0.0,0.0,0.0,0.0,0.0,0.0,0.0,Não informado,Não informado,Não informado,Não informado,Não informado,Não informado,Não informado,Não informado,Não informado,Não informado,2021,3,19,4,0
SEM VÍTIMA,CANCELADA,ARRUDA,ARRUDA,Não informado,COLISÃO,0.0,0.0,0.0,0.0,0.0,0.0,0.0,0.0,0.0,Não informado,Não informado,Não informado,Não informado,Não informado,Não informado,Não informado,Não informado,Não informado,Não informado,2020,2,4,1,0
COM VÍTIMA,FINALIZADA,SANTO AMARO,SANTO AMARO,Não informado,ATROPELAMENTO,0.0,0.0,0.0,0.0,0.0,0.0,0.0,0.0,0.0,Longo da via,Bom,Não existe,Não existente,Seca,Perfeito estado,Não existe,Outras,Não informado,Canteiro central,2020,2,10,0,0
Não informado,FINALIZADA,BOA VIAGEM,BOA VIAGEM,SUBURBIO,COLISÃO LATERAL,2.0,0.0,0.0,0.0,0.0,0.0,0.0,0.0,0.0,Cruzamento,Bom,Não existe,Perfeito estado,Seca,Perfeito estado,Faixa de retenção,Não há placas,Dupla,Faixa seccionada,2022,2,22,1,1
SEM VÍTIMA,FINALIZADA,AFOGADOS,AFOGADOS,Não informado,ABALROAMENTO LONGITUDINAL,0.0,0.0,0.0,0.0,0.0,0.0,0.0,0.0,0.0,Longo da via,Bom,Sem defeito,Perfeito estado,Seca,Perfeito estado,Não existe,Não há placas,Única,Não existe,2020,2,4,1,0
COM VÍTIMA,DUPLICIDADE,IPUTINGA,IPUTINGA,Não informado,COLISÃO LATERAL,0.0,0.0,0.0,0.0,0.0,0.0,0.0,0.0,0.0,Não informado,Não informado,Não informado,Não informado,Não informado,Não informado,Não informado,Não informado,Não informado,Não informado,2021,7,12,0,0
Não informado,FINALIZADA,SAN MARTIN,SAN MARTIN,CIDADE,COLISÃO LATERAL,1.0,1.0,0.0,0.0,0.0,0.0,0.0,0.0,0.0,Longo da via,Bom,Sem defeito,Perfeito estado,Seca,Perfeito estado,Não existe,Não há placas,Dupla,Faixa contínua,2022,12,20,1,1
COM VÍTIMA,FINALIZADA,BOA VIAGEM,BOA VIAGEM,Não informado,COLISÃO LATERAL,0.0,0.0,0.0,0.0,0.0,0.0,0.0,0.0,0.0,Não informado,Não informado,Não informado,Não informado,Não informado,Não informado,Não informado,Não informado,Não informado,Não informado,2021,6,26,5,0
COM VÍTIMA,FINALIZADA,APIPUCOS,APIPUCOS,SUBURBIO,COLISÃO TRASEIRA,0.0,0.0,0.0,0.0,0.0,0.0,0.0,0.0,0.0,Longo da via,Bom,Não existe,Perfeito estado,Seca,Perfeito estado,Não informado,Outras,Dupla,Faixa contínua,2020,11,27,4,0
COM VÍTIMA,FINALIZADA,PRADO,PRADO,SUBURBIO,CHOQUE OBJETO FIXO,0.0,0.0,0.0,0.0,0.0,0.0,0.0,0.0,0.0,Longo da via,Bom,Sem defeito,Perfeito estado,Seca,Perfeito estado,Faixa de pedestre,Não informado,Dupla,Faixa seccionada,2020,5,11,0,0
COM VÍTIMA,CANCELADA,CABANGA,CABANGA,Não informado,COLISÃO,0.0,0.0,0.0,0.0,0.0,0.0,0.0,0.0,0.0,Não informado,Não informado,Não informado,Não informado,Não informado,Não informado,Não informado,Não informado,Não informado,Não informado,2021,1,30,5,0
SEM VÍTIMA,FINALIZADA,GRAÇAS,GRAÇAS,Não informado,ABALROAMENTO TRANSVERSAL,0.0,0.0,0.0,0.0,0.0,0.0,0.0,0.0,0.0,Cruzamento,Bom,Não existe,Não existente,Seca,Perfeito estado,Não existe,Não há placas,Única,Não existe,2020,2,5,2,0
COM VÍTIMA,FINALIZADA,AFLITOS,AFLITOS,SUBURBIO,CHOQUE,0.0,0.0,0.0,0.0,0.0,0.0,0.0,0.0,0.0,Longo da via,Bom,Não existe,Perfeito estado,Seca,Perfeito estado,Não existe,R-6a,Única,Não existe,2021,11,29,0,0
Não informado,FINALIZADA,SÃO JOSÉ,SÃO JOSÉ,SUBURBIO,ATROPELAMENTO DE PESSOA,0.0,0.0,0.0,0.0,1.0,1.0,0.0,0.0,0.0,Longo da via,Bom,Não existe,Perfeito estado,Seca,Perfeito estado,Não existe,Outras,Dupla,Faixa contínua,2022,6,8,2,1
SEM VÍTIMA,FINALIZADA,SANTO AMARO,SANTO AMARO,SUBURBIO,ABALROAMENTO LONGITUDINAL,0.0,0.0,0.0,0.0,0.0,0.0,0.0,0.0,0.0,Longo da via,Bom,Não existe,Perfeito estado,Seca,Perfeito estado,Faixa de pedestre,R-6a,Dupla,Faixa contínua,2020,1,10,4,0
SEM VÍTIMA,FINALIZADA,ILHA DO RETIRO,ILHA DO RETIRO,SUBURBIO,COLISÃO TRASEIRA,0.0,0.0,0.0,0.0,0.0,0.0,0.0,0.0,0.0,Longo da via,Bom,Sem defeito,Perfeito estado,Seca,Perfeito estado,Não existe,Não há placas,Dupla,Faixa contínua,2020,2,4,1,0
SEM VÍTIMA,CANCELADA,GRAÇAS,GRAÇAS,Não informado,COLISÃO,0.0,0.0,0.0,0.0,0.0,0.0,0.0,0.0,0.0,Não informado,Não informado,Não informado,Não informado,Não informado,Não informado,Não informado,Não informado,Não informado,Não informado,2020,2,12,2,0
Não informado,FINALIZADA,SANTO AMARO,SANTO AMARO,CIDADE,COLISÃO COM CICLISTA,1.0,0.0,0.0,1.0,0.0,0.0,0.0,0.0,0.0,Cruzamento,Chuvoso,Sem defeito,Perfeito estado,Seca,Perfeito estado,Faixa de pedestre,Não há placas,Dupla,Canteiro central,2022,1,27,3,1
SEM VÍTIMA,FINALIZADA,ALTO SANTA TERESINHA,ALTO SANTA TERESINHA,SUBURBIO,ABALROAMENTO LONGITUDINAL,0.0,0.0,0.0,0.0,0.0,0.0,0.0,0.0,0.0,Longo da via,Bom,Não existe,Incompleta,Seca,Mal conservada,Não existe,R-6c,Dupla,Faixa contínua,2020,2,2,6,0
COM VÍTIMA,FINALIZADA,GRAÇAS,GRAÇAS,ROSA E SILVA,COLISÃO COM CICLISTA,0.0,0.0,0.0,0.0,0.0,0.0,0.0,0.0,0.0,Longo da via,Bom,Não existe,Perfeito estado,Seca,Perfeito estado,Faixa de pedestre,Não há placas,Única,Não existe,2020,3,29,6,0
Não informado,FINALIZADA,BOA VISTA,BOA VISTA,CIDADE,COLISÃO TRASEIRA,2.0,0.0,0.0,0.0,0.0,0.0,0.0,0.0,0.0,Longo da via,Bom,Não existe,Perfeito estado,Seca,Perfeito estado,Não existe,Não há placas,Única,Faixa seccionada,2022,10,26,2,0
SEM VÍTIMA,FINALIZADA,PRADO,PRADO,Não informado,ABALROAMENTO TRANSVERSAL,0.0,0.0,0.0,0.0,0.0,0.0,0.0,0.0,0.0,Longo da via,Bom,Não existe,Incompleta,Seca,Perfeito estado,Não existe,Não há placas,Dupla,Não existe,2020,3,3,1,0
Não informado,FINALIZADA,BAIRRO DO RECIFE,BAIRRO DO RECIFE,SUBURBIO,COLISÃO LATERAL,0.0,2.0,0.0,0.0,0.0,0.0,0.0,0.0,0.0,Cruzamento,Bom,Não existe,Perfeito estado,Seca,Perfeito estado,Não existe,Outras,Única,Faixa seccionada,2022,11,21,0,1
SEM VÍTIMA,FINALIZADA,AFOGADOS,AFOGADOS,CIDADE,COLISÃO,0.0,0.0,0.0,0.0,0.0,0.0,0.0,0.0,0.0,Longo da via,Bom,Não existe,Incompleta,Seca,Mal conservada,Não existe,R-6a,Única,Faixa seccionada,2020,2,11,1,0
SEM VÍTIMA,FINALIZADA,ARRUDA,ARRUDA,SUBURBIO,ABALROAMENTO TRANSVERSAL,0.0,0.0,0.0,0.0,0.0,0.0,0.0,0.0,0.0,Cruzamento,Bom,Não existe,Perfeito estado,Seca,Perfeito estado,Faixa de pedestre,Placas Pare,Dupla,Faixa seccionada,2020,1,21,1,0
Não informado,FINALIZADA,ENCRUZILHADA,ENCRUZILHADA,SUBURBIO,COLISÃO TRANSVERSAL,1.0,1.0,0.0,0.0,0.0,0.0,0.0,0.0,0.0,Cruzamento,Bom,Sem defeito,Perfeito estado,Seca,Perfeito estado,Faixa de pedestre,R-6a,Dupla,Faixa contínua,2022,5,13,4,1
SEM VÍTIMA,CANCELADA,BOA VIAGEM,BOA VIAGEM,Não informado,COLISÃO,0.0,0.0,0.0,0.0,0.0,0.0,0.0,0.0,0.0,Não informado,Não informado,Não informado,Não informado,Não informado,Não informado,Não informado,Não informado,Não informado,Não informado,2020,2,25,1,0
SEM VÍTIMA,FINALIZADA,BOA VIAGEM,BOA VIAGEM,CIDADE,COLISÃO,0.0,0.0,0.0,0.0,0.0,0.0,0.0,0.0,0.0,Cruzamento,Bom,Não existe,Não existente,Seca,Perfeito estado,Não existe,Não há placas,Dupla,Não existe,2020,2,14,4,0
SEM VÍTIMA,FINALIZADA,ARRUDA,ARRUDA,SUBURBIO,COLISÃO TRASEIRA,0.0,0.0,0.0,0.0,0.0,0.0,0.0,0.0,0.0,Longo da via,Chuvoso,Sem defeito,Incompleta,Molhada,Perfeito estado,Faixa de pedestre,Não há placas,Única,Faixa contínua,2020,3,11,2,0
COM VÍTIMA,FINALIZADA,ARRUDA,ARRUDA,SUBURBIO,COLISÃO FRONTAL,0.0,0.0,0.0,0.0,0.0,0.0,0.0,0.0,0.0,Longo da via,Bom,Sem defeito,Perfeito estado,Seca,Perfeito estado,Não existe,Não há placas,Dupla,Faixa contínua,2021,10,17,6,0
SEM VÍTIMA,FINALIZADA,ENCRUZILHADA,ENCRUZILHADA,SUBURBIO,COLISÃO,0.0,0.0,0.0,0.0,0.0,0.0,0.0,0.0,0.0,Cruzamento,Bom,Não existe,Ilegível,Seca,Mal iluminada,Não existe,Placas Pare,Dupla,Não existe,2020,2,19,2,0
SEM VÍTIMA,FINALIZADA,BOA VISTA,BOA VISTA,SUBURBIO,ABALROAMENTO LONGITUDINAL,0.0,0.0,0.0,0.0,0.0,0.0,0.0,0.0,0.0,Longo da via,Chuvoso,Não existe,Não existente,Molhada,Perfeito estado,Não existe,Não informado,Única,Não existe,2020,2,21,4,0
COM VÍTIMA,FINALIZADA,SANTO AMARO,SANTO AMARO,SUBURBIO,ATROPELAMENTO,0.0,0.0,0.0,0.0,0.0,0.0,0.0,0.0,0.0,Longo da via,Bom,Sem defeito,Perfeito estado,Seca,Perfeito estado,Outros,Não há placas,Dupla,Canteiro central,2020,10,28,2,0
COM VÍTIMA,FINALIZADA,CASA AMARELA,CASA AMARELA,CIDADE,ABALROAMENTO LONGITUDINAL,0.0,0.0,0.0,0.0,0.0,0.0,0.0,0.0,0.0,Longo da via,Bom,Não existe,Perfeito estado,Seca,Perfeito estado,Não existe,R-6a,Dupla,Canteiro central,2020,3,21,5,0
SEM VÍTIMA,FINALIZADA,BOA VIAGEM,BOA VIAGEM,SUBURBIO,ABALROAMENTO LONGITUDINAL,0.0,0.0,0.0,0.0,0.0,0.0,0.0,0.0,0.0,Longo da via,Bom,Não existe,Perfeito estado,Seca,Perfeito estado,Não existe,Não há placas,Única,Faixa seccionada,2020,3,11,2,0
COM VÍTIMA,FINALIZADA,TAMARINEIRA,TAMARINEIRA,CIDADE,COLISÃO FRONTAL,0.0,0.0,0.0,0.0,0.0,0.0,0.0,0.0,0.0,Cruzamento,Bom,Sem defeito,Perfeito estado,Seca,Perfeito estado,Faixa de pedestre,Não há placas,Dupla,Canteiro central,2021,11,11,3,0
Não informado,FINALIZADA,BOA VIAGEM,BOA VIAGEM,CIDADE,COLISÃO TRASEIRA,2.0,0.0,0.0,0.0,0.0,0.0,0.0,0.0,0.0,Longo da via,Bom,Não existe,Perfeito estado,Seca,Perfeito estado,Não existe,Não há placas,Única,Não existe,2022,12,28,2,0
COM VÍTIMA,FINALIZADA,SANTO AMARO,SANTO AMARO,SUBURBIO,COLISÃO FRONTAL,0.0,0.0,0.0,0.0,0.0,0.0,0.0,0.0,0.0,Viaduto,Bom,Não existe,Perfeito estado,Seca,Perfeito estado,Não existe,Não há placas,Única,Faixa seccionada,2021,11,3,2,0
COM VÍTIMA,FINALIZADA,DOIS UNIDOS,DOIS UNIDOS,BR 101,ATROPELAMENTO,0.0,0.0,0.0,0.0,0.0,0.0,0.0,0.0,0.0,Longo da via,Bom,Não existe,Incompleta,Seca,Perfeito estado,Não existe,R-6a,Dupla,Faixa seccionada,2020,8,29,5,0
COM VÍTIMA,FINALIZADA,PINA,PINA,CIDADE,ABALROAMENTO LONGITUDINAL,0.0,0.0,0.0,0.0,0.0,0.0,0.0,0.0,0.0,Ponte,Bom,Não existe,Perfeito estado,Seca,Perfeito estado,Não existe,Outras,Única,Faixa contínua,2020,8,31,0,0
SEM VÍTIMA,CANCELADA,GRAÇAS,GRAÇAS,Não informado,COLISÃO,0.0,0.0,0.0,0.0,0.0,0.0,0.0,0.0,0.0,Não informado,Não informado,Não informado,Não informado,Não informado,Não informado,Não informado,Não informado,Não informado,Não informado,2020,2,12,2,0
COM VÍTIMA,FINALIZADA,VASCO DA GAMA,VASCO DA GAMA,SUBURBIO,COLISÃO TRASEIRA,0.0,0.0,0.0,0.0,0.0,0.0,0.0,0.0,0.0,Longo da via,Bom,Não existe,Perfeito estado,Seca,Perfeito estado,Não existe,Não há placas,Dupla,Faixa seccionada,2021,11,10,2,0
Não informado,FINALIZADA,VÁRZEA,VÁRZEA,SUBURBIO,COLISÃO TRANSVERSAL,1.0,1.0,0.0,0.0,0.0,0.0,0.0,0.0,0.0,Longo da via,Bom,Sem defeito,Perfeito estado,Seca,Perfeito estado,Faixa de pedestre,Não há placas,Única,Faixa contínua,2022,3,26,5,1
SEM VÍTIMA,FINALIZADA,MADALENA,MADALENA,Não informado,ABALROAMENTO LONGITUDINAL,0.0,0.0,0.0,0.0,0.0,0.0,0.0,0.0,0.0,Longo da via,Bom,Não existe,Perfeito estado,Seca,Perfeito estado,Não existe,R-6a,Única,Faixa seccionada,2020,1,20,0,0
COM VÍTIMA,FINALIZADA,BOA VIAGEM,BOA VIAGEM,SUBURBIO,ABALROAMENTO TRANSVERSAL,0.0,0.0,0.0,0.0,0.0,0.0,0.0,0.0,0.0,Cruzamento,Bom,Não existe,Perfeito estado,Seca,Perfeito estado,Não existe,Placas Pare,Única,Faixa seccionada,2020,3,23,0,0
Não informado,FINALIZADA,CAMPO GRANDE,CAMPO GRANDE,SUBURBIO,COLISÃO TRANSVERSAL,1.0,1.0,0.0,0.0,0.0,0.0,0.0,0.0,0.0,Longo da via,Bom,Não existe,Ilegível,Seca,Mal iluminada,Não existe,Não há placas,Dupla,Faixa seccionada,2022,1,28,4,1
Não informado,FINALIZADA,SAN MARTIN,SAN MARTIN,SUBURBIO,COLISÃO FRONTAL,0.0,2.0,0.0,0.0,0.0,0.0,0.0,0.0,0.0,Não informado,Não informado,Não informado,Não informado,Não informado,Não informado,Não informado,Não informado,Não informado,Não informado,2022,4,8,4,1
SEM VÍTIMA,FINALIZADA,DOIS IRMÃOS,DOIS IRMÃOS,Não informado,COLISÃO LATERAL,0.0,0.0,0.0,0.0,0.0,0.0,0.0,0.0,0.0,Não informado,Não informado,Não informado,Não informado,Não informado,Não informado,Não informado,Não informado,Não informado,Não informado,2021,9,30,3,0
Não informado,FINALIZADA,BOA VIAGEM,BOA VIAGEM,CIDADE,COLISÃO LATERAL,1.0,1.0,0.0,0.0,0.0,0.0,0.0,0.0,0.0,Cruzamento,Chuvoso,Não existe,Perfeito estado,Molhada,Perfeito estado,Faixa de retenção,"Placas ""Pare""",Única,Faixa contínua,2022,8,3,2,1
Não informado,FINALIZADA,ARRUDA,ARRUDA,SUBURBIO,COLISÃO TRASEIRA,1.0,0.0,0.0,0.0,0.0,0.0,0.0,1.0,0.0,Cruzamento,Chuvoso,Sem defeito,Perfeito estado,Molhada,Perfeito estado,Faixa de pedestre,Outras,Dupla,Canteiro central,2022,6,22,2,0
SEM VÍTIMA,FINALIZADA,SAN MARTIN,SAN MARTIN,Não informado,COLISÃO,0.0,0.0,0.0,0.0,0.0,0.0,0.0,0.0,0.0,Longo da via,Bom,Não existe,Perfeito estado,Seca,Perfeito estado,Não existe,Não há placas,Dupla,Não existe,2020,2,11,1,0