natureza_acidente,situacao,bairro,bairro_cruzamento,sentido_via,tipo,auto,moto,ciclom,ciclista,pedestre,onibus,caminhao,viatura,outros,acidente_verificado,tempo_clima,situacao_semaforo,sinalizacao,condicao_via,conservacao_via,ponto_controle,situacao_placa,mao_direcao,divisao_via1,ano,mes,dia,dia_semana,vitima
COM VÍTIMA,FINALIZADA,IMBIRIBEIRA,IMBIRIBEIRA,SUBURBIO,ABALROAMENTO LONGITUDINAL,0.0,0.0,0.0,0.0,0.0,0.0,0.0,0.0,0.0,Longo da via,Chuvoso,Não existe,Perfeito estado,Molhada,Perfeito estado,Não existe,Não há placas,Dupla,Não existe,2020,9,27,6,0
COM VÍTIMA,FINALIZADA,TAMARINEIRA,TAMARINEIRA,SUBURBIO,COLISÃO TRANSVERSAL,0.0,0.0,0.0,0.0,0.0,0.0,0.0,0.0,0.0,Longo da via,Chuvoso,Sem defeito,Perfeito estado,Molhada,Perfeito estado,Faixa de pedestre,R-4b,Dupla,Faixa contínua,2021,4,28,2,0
SEM VÍTIMA,CANCELADA,IBURA,IBURA,Não informado,COLISÃO,0.0,0.0,0.0,0.0,0.0,0.0,0.0,0.0,0.0,Não informado,Não informado,Não informado,Não informado,Não informado,Não informado,Não informado,Não informado,Não informado,Não informado,2020,2,16,6,0
SEM VÍTIMA,FINALIZADA,BOA VIAGEM,BOA VIAGEM,SUBURBIO,CHOQUE,0.0,0.0,0.0,0.0,0.0,0.0,0.0,0.0,0.0,Não informado,Não informado,Não informado,Não informado,Não informado,Não informado,Não informado,Não informado,Não informado,Não informado,2020,10,25,6,0
COM VÍTIMA,FINALIZADA,ARRUDA,ARRUDA,SUBURBIO,ABALROAMENTO TRANSVERSAL,0.0,0.0,0.0,0.0,0.0,0.0,0.0,0.0,0.0,Cruzamento,Bom,Sem defeito,Perfeito estado,Seca,Perfeito estado,Faixa de pedestre,R-6a,Dupla,Não existe,2020,11,4,2,0
Não informado,FINALIZADA,IBURA,IBURA,SUBURBIO,COLISÃO TRASEIRA,2.0,0.0,0.0,0.0,0.0,0.0,0.0,0.0,0.0,Longo da via,Bom,Não existe,Não informado,Seca,Mal conservada,Não existe,R-6a,Dupla,Não informado,2022,8,31,2,0
COM VÍTIMA,CANCELADA,BOA VISTA,BOA VISTA,SUBURBIO,COLISÃO LATERAL,0.0,0.0,0.0,0.0,0.0,0.0,0.0,0.0,0.0,Não informado,Não informado,Não informado,Não informado,Não informado,Não informado,Não informado,Não informado,Não informado,Não informado,2021,4,2,4,0
COM VÍTIMA,FINALIZADA,PRADO,PRADO,SUBURBIO,ABALROAMENTO TRANSVERSAL,0.0,0.0,0.0,0.0,0.0,0.0,0.0,0.0,0.0,Cruzamento,Bom,Sem defeito,Perfeito estado,Seca,Perfeito estado,Faixa de pedestre,Não há placas,Dupla,Canteiro central,2020,5,6,2,0
COM VÍTIMA,FINALIZADA,BOA VISTA,BOA VISTA,CIDADE,ABALROAMENTO TRANSVERSAL,0.0,0.0,0.0,0.0,0.0,0.0,0.0,0.0,0.0,Cruzamento,Bom,Não existe,Perfeito estado,Seca,Perfeito estado,Faixa de pedestre,Placas Pare,Única,Não existe,2020,7,29,2,0
COM VÍTIMA,FINALIZADA,GRAÇAS,GRAÇAS,SUBURBIO,ABALROAMENTO LONGITUDINAL,0.0,0.0,0.0,0.0,0.0,0.0,0.0,0.0,0.0,Longo da via,Bom,Não existe,Perfeito estado,Seca,Perfeito estado,Não existe,Não há placas,Dupla,Canal,2020,12,18,4,0
SEM VÍTIMA,FINALIZADA,PRADO,PRADO,Não informado,COLISÃO TRASEIRA,0.0,0.0,0.0,0.0,0.0,0.0,0.0,0.0,0.0,Longo da via,Bom,Não existe,Incompleta,Seca,Mal conservada,Não existe,R-6b,Dupla,Faixa seccionada,2021,11,24,2,0
Não informado,FINALIZADA,IPSEP,IPSEP,CIDADE,COLISÃO FRONTAL,0.0,2.0,0.0,0.0,0.0,0.0,0.0,0.0,0.0,Não informado,Não informado,Não informado,Não informado,Não informado,Não informado,Não informado,Não informado,Não informado,Não informado,2022,11,29,1,1
Não informado,FINALIZADA,CAXANGÁ,CAXANGÁ,SUBURBIO,COLISÃO LATERAL,0.0,1.0,0.0,0.0,0.0,0.0,1.0,0.0,0.0,Longo da via,Bom,Sem defeito,Ilegível,Seca,Perfeito estado,Não informado,Não há placas,Dupla,Canteiro central,2022,12,20,1,1
SEM VÍTIMA,FINALIZADA,ILHA DO LEITE,ILHA DO LEITE,Não informado,ABALROAMENTO LONGITUDINAL,0.0,0.0,0.0,0.0,0.0,0.0,0.0,0.0,0.0,Longo da via,Bom,Não existe,Perfeito estado,Seca,Perfeito estado,Faixa de pedestre,Não há placas,Dupla,Faixa seccionada,2020,1,30,3,0
SEM VÍTIMA,FINALIZADA,BOA VIAGEM,BOA VIAGEM,CIDADE,ABALROAMENTO LONGITUDINAL,0.0,0.0,0.0,0.0,0.0,0.0,0.0,0.0,0.0,Não informado,Bom,Sem defeito,Perfeito estado,Seca,Perfeito estado,Faixa de pedestre,R-6a,Única,Faixa contínua,2020,1,2,3,0
Não informado,FINALIZADA,AFOGADOS,AFOGADOS,Não informado,COLISÃO COM CICLISTA,0.0,0.0,0.0,1.0,0.0,1.0,0.0,0.0,0.0,Longo da via,Bom,Não existe,Perfeito estado,Seca,Perfeito estado,Não existe,Não há placas,Dupla,Canteiro central,2022,10,17,0,1
SEM VÍTIMA,FINALIZADA,NOVA DESCOBERTA,NOVA DESCOBERTA,CIDADE,ABALROAMENTO LONGITUDINAL,0.0,0.0,0.0,0.0,0.0,0.0,0.0,0.0,0.0,Longo da via,Bom,Sem defeito,Perfeito estado,Seca,Perfeito estado,Não existe,Outras,Dupla,Não existe,2020,5,7,3,0
SEM VÍTIMA,FINALIZADA,LINHA DO TIRO,LINHA DO TIRO,Não informado,ABALROAMENTO LONGITUDINAL,0.0,0.0,0.0,0.0,0.0,0.0,0.0,0.0,0.0,Longo da via,Chuvoso,Sem defeito,Perfeito estado,Molhada,Mal conservada,Não informado,Não há placas,Dupla,Faixa contínua,2020,4,17,4,0
COM VÍTIMA,FINALIZADA,ROSARINHO,ROSARINHO,Não informado,COLISÃO FRONTAL,0.0,0.0,0.0,0.0,0.0,0.0,0.0,0.0,0.0,Cruzamento,Bom,Não existe,Perfeito estado,Seca,Perfeito estado,Não existe,Não há placas,Única,Não existe,2021,6,3,3,0
COM VÍTIMA,FINALIZADA,CAXANGÁ,CAXANGÁ,CIDADE,COLISÃO LATERAL,0.0,0.0,0.0,0.0,0.0,0.0,0.0,0.0,0.0,Cruzamento,Bom,Não existe,Perfeito estado,Seca,Perfeito estado,Não existe,Outras,Dupla,Faixa seccionada,2021,7,22,3,0
COM VÍTIMA,FINALIZADA,IBURA,IBURA,CIDADE,COLISÃO COM CICLISTA,0.0,0.0,0.0,0.0,0.0,0.0,0.0,0.0,0.0,Longo da via,Bom,Sem defeito,Incompleta,Seca,Perfeito estado,Não existe,Não há placas,Única,Não existe,2020,1,25,5,0
COM VÍTIMA,FINALIZADA,PAISSANDU,PAISSANDU,CIDADE,ATROPELAMENTO,0.0,0.0,0.0,0.0,0.0,0.0,0.0,0.0,0.0,Longo da via,Bom,Não existe,Perfeito estado,Seca,Perfeito estado,Outros,Outras,Dupla,Canteiro central,2020,11,17,1,0
COM VÍTIMA,FINALIZADA,SANTO AMARO,SANTO AMARO,Não informado,COLISÃO TRASEIRA,0.0,0.0,0.0,0.0,0.0,0.0,0.0,0.0,0.0,Longo da via,Bom,Sem defeito,Perfeito estado,Seca,Perfeito estado,Outros,Outras,Dupla,Canteiro central,2021,4,24,5,0
SEM VÍTIMA,FINALIZADA,TAMARINEIRA,TAMARINEIRA,CIDADE,ABALROAMENTO LONGITUDINAL,0.0,0.0,0.0,0.0,0.0,0.0,0.0,0.0,0.0,Não informado,Bom,Não existe,Perfeito estado,Seca,Perfeito estado,Faixa de pedestre,Não há placas,Única,Faixa seccionada,2020,1,10,4,0
SEM VÍTIMA,FINALIZADA,TORRE,TORRE,Não informado,CHOQUE VEÍCULO PARADO,0.0,0.0,0.0,0.0,0.0,0.0,0.0,0.0,0.0,Longo da via,Bom,Não existe,Não existente,Seca,Perfeito estado,Não existe,Não há placas,Dupla,Não existe,2020,1,23,3,0
COM VÍTIMA,FINALIZADA,IMBIRIBEIRA,IMBIRIBEIRA,CIDADE,COLISÃO COM CICLISTA,0.0,0.0,0.0,0.0,0.0,0.0,0.0,0.0,0.0,Longo da via,Bom,Sem defeito,Perfeito estado,Seca,Perfeito estado,Não existe,Outras,Única,Faixa contínua,2021,4,22,3,0
Não informado,FINALIZADA,DERBY,DERBY,SUBURBIO,COLISÃO TRASEIRA,1.0,1.0,0.0,0.0,0.0,0.0,0.0,0.0,0.0,Longo da via,Chuvoso,Sem defeito,Perfeito estado,Molhada,Perfeito estado,Faixa de pedestre,R-6a,Dupla,Canteiro central,2022,5,27,4,1
COM VÍTIMA,FINALIZADA,CORDEIRO,CORDEIRO,CIDADE,ABALROAMENTO TRANSVERSAL,0.0,0.0,0.0,0.0,0.0,0.0,0.0,0.0,0.0,Cruzamento,Bom,Sem defeito,Perfeito estado,Seca,Perfeito estado,Faixa de pedestre,R-6a,Dupla,Não informado,2020,3,21,5,0
SEM VÍTIMA,FINALIZADA,PARNAMIRIM,PARNAMIRIM,Não informado,CHOQUE,0.0,0.0,0.0,0.0,0.0,0.0,0.0,0.0,0.0,Não informado,Não informado,Não informado,Não informado,Não informado,Não informado,Não informado,Não informado,Não informado,Não informado,2021,12,11,5,0
Não informado,FINALIZADA,BARRO,BARRO,SUBURBIO,COLISÃO FRONTAL,1.0,1.0,0.0,0.0,0.0,0.0,0.0,0.0,0.0,Cruzamento,Bom,Não existe,Não existente,Seca,Perfeito estado,Não existe,Não há placas,Dupla,Não existe,2022,8,29,0,1
COM VÍTIMA,FINALIZADA,CASA FORTE,CASA FORTE,SUBURBIO,COLISÃO TRASEIRA,0.0,0.0,0.0,0.0,0.0,0.0,0.0,0.0,0.0,Longo da via,Bom,Sem defeito,Perfeito estado,Seca,Perfeito estado,Outros,Outras,Dupla,Faixa contínua,2021,3,16,1,0
SEM VÍTIMA,FINALIZADA,AFOGADOS,AFOGADOS,SUBURBIO,ABALROAMENTO LONGITUDINAL,0.0,0.0,0.0,0.0,0.0,0.0,0.0,0.0,0.0,Longo da via,Bom,Sem defeito,Perfeito estado,Seca,Perfeito estado,Faixa de pedestre,R-6a,Única,Faixa contínua,2020,1,2,3,0
SEM VÍTIMA,FINALIZADA,SANTO AMARO,SANTO AMARO,OLINDA,COLISÃO,0.0,0.0,0.0,0.0,0.0,0.0,0.0,0.0,0.0,Viaduto,Bom,Não existe,Não existente,Seca,Perfeito estado,Não existe,Não há placas,Dupla,Faixa contínua,2020,6,26,4,0
SEM VÍTIMA,FINALIZADA,IMBIRIBEIRA,IMBIRIBEIRA,SUBURBIO,COLISÃO TRASEIRA,0.0,0.0,0.0,0.0,0.0,0.0,0.0,0.0,0.0,Cruzamento,Bom,Sem defeito,Perfeito estado,Seca,Perfeito estado,Faixa de retenção,Não há placas,Não informado,Faixa contínua,2020,1,30,3,0
Não informado,FINALIZADA,ILHA DO LEITE,ILHA DO LEITE,Não informado,COLISÃO TRASEIRA,1.0,1.0,0.0,0.0,0.0,0.0,0.0,0.0,0.0,Cruzamento,Bom,Não existe,Perfeito estado,Seca,Perfeito estado,Não informado,R-6a,Única,Faixa contínua,2022,10,17,0,1
COM VÍTIMA,FINALIZADA,DERBY,DERBY,CIDADE,COLISÃO TRASEIRA,0.0,0.0,0.0,0.0,0.0,0.0,0.0,0.0,0.0,Longo da via,Bom,Sem defeito,Perfeito estado,Seca,Perfeito estado,Faixa de retenção,Outras,Dupla,Faixa contínua,2020,1,31,4,0
Não informado,FINALIZADA,IPUTINGA,IPUTINGA,SUBURBIO,COLISÃO TRANSVERSAL,1.0,1.0,0.0,0.0,0.0,0.0,0.0,0.0,0.0,Longo da via,Bom,Sem defeito,Perfeito estado,Seca,Perfeito estado,Faixa de pedestre,Não há placas,Dupla,Faixa contínua,2022,8,5,4,1
SEM VÍTIMA,FINALIZADA,SÃO JOSÉ,SÃO JOSÉ,CIDADE,ABALROAMENTO TRANSVERSAL,0.0,0.0,0.0,0.0,0.0,0.0,0.0,0.0,0.0,Cruzamento,Bom,Não existe,Não informado,Seca,Perfeito estado,Não existe,Não há placas,Única,Faixa seccionada,2020,2,4,1,0
COM VÍTIMA,FINALIZADA,BOA VISTA,BOA VISTA,CIDADE,COLISÃO LATERAL,0.0,0.0,0.0,0.0,0.0,0.0,0.0,0.0,0.0,Longo da via,Bom,Não existe,Perfeito estado,Seca,Perfeito estado,Não existe,Não há placas,Única,Faixa seccionada,2021,12,8,2,0
Não informado,FINALIZADA,CORDEIRO,CORDEIRO,CIDADE,COLISÃO COM CICLISTA,1.0,0.0,0.0,1.0,0.0,0.0,0.0,0.0,0.0,Longo da via,Bom,Não existe,Perfeito estado,Seca,Perfeito estado,Não existe,Outras,Única,Faixa seccionada,2022,12,21,2,1
Não informado,FINALIZADA,CASA FORTE,CASA FORTE,CIDADE,COLISÃO TRANSVERSAL,1.0,1.0,0.0,0.0,0.0,0.0,0.0,0.0,0.0,Longo da via,Bom,Não existe,Perfeito estado,Seca,Perfeito estado,Outros,Outras,Dupla,Faixa contínua,2022,6,7,1,1
SEM VÍTIMA,FINALIZADA,GRAÇAS,GRAÇAS,CIDADE,COLISÃO,0.0,0.0,0.0,0.0,0.0,0.0,0.0,0.0,0.0,Longo da via,Bom,Não existe,Perfeito estado,Seca,Perfeito estado,Não existe,Outras,Única,Faixa seccionada,2020,2,11,1,0
COM VÍTIMA,FINALIZADA,BOA VIAGEM,BOA VIAGEM,Não informado,COLISÃO TRASEIRA,0.0,0.0,0.0,0.0,0.0,0.0,0.0,0.0,0.0,Não informado,Não informado,Não informado,Não informado,Não informado,Não informado,Não informado,Não informado,Não informado,Não informado,2021,3,18,3,0
Não informado,FINALIZADA,IPSEP,IPSEP,Não informado,COLISÃO LATERAL,1.0,1.0,0.0,0.0,0.0,0.0,0.0,0.0,0.0,Cruzamento,Bom,Sem defeito,Perfeito estado,Seca,Perfeito estado,Faixa de pedestre,R-6a,Dupla,Faixa contínua,2022,10,10,0,1
Não informado,FINALIZADA,BOA VIAGEM,BOA VIAGEM,SUBURBIO,CHOQUE,0.0,1.0,0.0,0.0,0.0,0.0,0.0,0.0,0.0,Longo da via,Bom,Não existe,Perfeito estado,Seca,Perfeito estado,Não existe,Outras,Única,Faixa seccionada,2022,3,31,3,1
Não informado,FINALIZADA,ILHA DO LEITE,ILHA DO LEITE,Não informado,COLISÃO LATERAL,1.0,1.0,0.0,0.0,0.0,0.0,0.0,0.0,0.0,Cruzamento,Bom,Não existe,Ilegível,Seca,Perfeito estado,Faixa de pedestre,Outras,Única,Faixa seccionada,2022,11,21,0,1
SEM VÍTIMA,FINALIZADA,BOA VIAGEM,BOA VIAGEM,Não informado,COLISÃO TRASEIRA,0.0,0.0,0.0,0.0,0.0,0.0,0.0,0.0,0.0,Cruzamento,Bom,Sem defeito,Perfeito estado,Seca,Perfeito estado,Faixa de pedestre,Não há placas,Única,Faixa contínua,2020,1,10,4,0
COM VÍTIMA,FINALIZADA,AFOGADOS,AFOGADOS,Não informado,COLISÃO LATERAL,0.0,0.0,0.0,0.0,0.0,0.0,0.0,0.0,0.0,Longo da via,Bom,Não existe,Incompleta,Seca,Perfeito estado,Não existe,Outras,Dupla,Faixa contínua,2021,6,10,3,0
SEM VÍTIMA,FINALIZADA,BOA VIAGEM,BOA VIAGEM,Não informado,ABALROAMENTO TRANSVERSAL,0.0,0.0,0.0,0.0,0.0,0.0,0.0,0.0,0.0,Cruzamento,Bom,Não existe,Perfeito estado,Seca,Perfeito estado,Não existe,R-4a,Única,Não existe,2020,3,8,6,0
SEM VÍTIMA,CANCELADA,MACAXEIRA,MACAXEIRA,CAXANGA,COLISÃO,0.0,0.0,0.0,0.0,0.0,0.0,0.0,0.0,0.0,Não informado,Não informado,Não informado,Não informado,Não informado,Não informado,Não informado,Não informado,Não informado,Não informado,2020,2,11,1,0
COM VÍTIMA,FINALIZADA,SÃO JOSÉ,SÃO JOSÉ,Não informado,ABALROAMENTO TRANSVERSAL,0.0,0.0,0.0,0.0,0.0,0.0,0.0,0.0,0.0,Cruzamento,Chuvoso,Sem defeito,Perfeito estado,Seca,Perfeito estado,Não existe,Outras,Única,Não existe,2020,3,30,0,0
SEM VÍTIMA,FINALIZADA,ESPINHEIRO,ESPINHEIRO,Não informado,ABALROAMENTO LONGITUDINAL,0.0,0.0,0.0,0.0,0.0,0.0,0.0,0.0,0.0,Longo da via,Bom,Sem defeito,Perfeito estado,Seca,Perfeito estado,Faixa de pedestre,Não informado,Única,Faixa seccionada,2020,1,20,0,0
SEM VÍTIMA,FINALIZADA,PINA,PINA,Não informado,ENGAVETAMENTO,0.0,0.0,0.0,0.0,0.0,0.0,0.0,0.0,0.0,Longo da via,Bom,Não existe,Perfeito estado,Seca,Perfeito estado,Não informado,Placas Pare,Única,Não existe,2020,2,15,5,0
COM VÍTIMA,FINALIZADA,MADALENA,MADALENA,SUBURBIO,ATROPELAMENTO,0.0,0.0,0.0,0.0,0.0,0.0,0.0,0.0,0.0,Longo da via,Bom,Não existe,Perfeito estado,Seca,Perfeito estado,Não existe,Não há placas,Única,Faixa seccionada,2020,12,4,4,0
COM VÍTIMA,FINALIZADA,JORDÃO,JORDÃO,SUBURBIO,CAPOTAMENTO,0.0,0.0,0.0,0.0,0.0,0.0,0.0,0.0,0.0,Longo da via,Bom,Não existe,Não existente,Seca,Perfeito estado,Não existe,Não há placas,Dupla,Não existe,2021,6,11,4,0
SEM VÍTIMA,FINALIZADA,CABANGA,CABANGA,CIDADE,COLISÃO,0.0,0.0,0.0,0.0,0.0,0.0,0.0,0.0,0.0,Longo da via,Bom,Não existe,Perfeito estado,Seca,Perfeito estado,Não existe,Outras,Única,Faixa seccionada,2020,2,11,1,0
Não informado,FINALIZADA,SANTO AMARO,SANTO AMARO,SUBURBIO,COLISÃO TRASEIRA,1.0,1.0,0.0,0.0,0.0,0.0,0.0,0.0,0.0,Longo da via,Bom,Não existe,Perfeito estado,Seca,Perfeito estado,Não existe,R-6a,Dupla,Canteiro central,2022,6,18,5,1
COM VÍTIMA,FINALIZADA,PONTO DE PARADA,PONTO DE PARADA,CIDADE,COLISÃO FRONTAL,0.0,0.0,0.0,0.0,0.0,0.0,0.0,0.0,0.0,Cruzamento,Bom,Não existe,Incompleta,Seca,Perfeito estado,Não existe,Não há placas,Dupla,Não existe,2021,4,6,1,0
COM VÍTIMA,FINALIZADA,MADALENA,MADALENA,SUBURBIO,ATROPELAMENTO,0.0,0.0,0.0,0.0,0.0,0.0,0.0,0.0,0.0,Cruzamento,Bom,Sem defeito,Perfeito estado,Não informado,Não informado,Faixa de pedestre,Não informado,Não informado,Não informado,2020,10,21,2,0
Não informado,FINALIZADA,PAISSANDU,PAISSANDU,CIDADE,COLISÃO TRASEIRA,0.0,1.0,0.0,0.0,0.0,0.0,1.0,0.0,0.0,Esquina,Chuvoso,Sem defeito,Perfeito estado,Molhada,Perfeito estado,Faixa de pedestre,Outras,Dupla,Canteiro central,2022,1,13,3,0
COM VÍTIMA,FINALIZADA,ZUMBI,ZUMBI,CIDADE,ABALROAMENTO LONGITUDINAL,0.0,0.0,0.0,0.0,0.0,0.0,0.0,0.0,0.0,Longo da via,Bom,Não existe,Incompleta,Seca,Perfeito estado,Outros,Outras,Dupla,Canteiro central,2020,5,8,4,0
COM VÍTIMA,FINALIZADA,BOA VIAGEM,BOA VIAGEM,SUBURBIO,COLISÃO LATERAL,0.0,0.0,0.0,0.0,0.0,0.0,0.0,0.0,0.0,Longo da via,Bom,Não existe,Não informado,Seca,Perfeito estado,Não existe,Não há placas,Única,Faixa seccionada,2021,8,5,3,0
SEM VÍTIMA,FINALIZADA,ESPINHEIRO,ESPINHEIRO,SUBURBIO,ABALROAMENTO LONGITUDINAL,0.0,0.0,0.0,0.0,0.0,0.0,0.0,0.0,0.0,Cruzamento,Bom,Não existe,Perfeito estado,Seca,Perfeito estado,Não existe,R-6a,Dupla,Faixa seccionada,2020,2,4,1,0
COM VÍTIMA,FINALIZADA,ARRUDA,ARRUDA,Não informado,COLISÃO COM CICLISTA,0.0,0.0,0.0,0.0,0.0,0.0,0.0,0.0,0.0,Cruzamento,Chuvoso,Não existe,Perfeito estado,Molhada,Perfeito estado,Faixa de pedestre,"Placas ""Pare""",Dupla,Faixa seccionada,2021,4,19,0,0
Não informado,FINALIZADA,SANTO ANTÔNIO,SANTO ANTÔNIO,CIDADE,COLISÃO TRASEIRA,3.0,0.0,0.0,0.0,0.0,0.0,0.0,0.0,0.0,Longo da via,Bom,Sem defeito,Perfeito estado,Seca,Perfeito estado,Faixa de pedestre,Outras,Única,Faixa contínua,2022,1,6,3,0
Não informado,FINALIZADA,SÃO JOSÉ,SÃO JOSÉ,SUBURBIO,COLISÃO LATERAL,1.0,1.0,0.0,0.0,0.0,0.0,0.0,0.0,0.0,Longo da via,Bom,Não existe,Perfeito estado,Molhada,Perfeito estado,Não existe,Não há placas,Única,Não existe,2022,3,22,1,1
COM VÍTIMA,FINALIZADA,TEJIPIÓ,TEJIPIÓ,CIDADE,COLISÃO LATERAL,0.0,0.0,0.0,0.0,0.0,0.0,0.0,0.0,0.0,Longo da via,Bom,Não existe,Perfeito estado,Seca,Perfeito estado,Não existe,R-6a,Dupla,Faixa contínua,2021,3,9,1,0
Não informado,FINALIZADA,IMBIRIBEIRA,IMBIRIBEIRA,SUBURBIO,COLISÃO TRANSVERSAL,1.0,1.0,0.0,0.0,0.0,0.0,0.0,0.0,0.0,Cruzamento,Chuvoso,Sem defeito,Perfeito estado,Molhada,Perfeito estado,Faixa de pedestre,R-6a,Não informado,Faixa seccionada,2022,6,22,2,1
Não informado,FINALIZADA,CABANGA,CABANGA,CIDADE,COLISÃO LATERAL,1.0,1.0,0.0,0.0,0.0,0.0,0.0,0.0,0.0,Longo da via,Bom,Não existe,Perfeito estado,Seca,Perfeito estado,Não existe,Não há placas,Dupla,Canteiro central,2022,8,5,4,1
Não informado,FINALIZADA,AFOGADOS,AFOGADOS,SUBURBIO,COLISÃO TRANSVERSAL,1.0,1.0,0.0,0.0,0.0,0.0,0.0,0.0,0.0,Longo da via,Bom,Sem defeito,Perfeito estado,Seca,Perfeito estado,Não existe,Não há placas,Dupla,Faixa contínua,2022,11,13,6,1
COM VÍTIMA,FINALIZADA,SAN MARTIN,SAN MARTIN,CIDADE,COLISÃO FRONTAL,0.0,0.0,0.0,0.0,0.0,0.0,0.0,0.0,0.0,Longo da via,Bom,Não existe,Perfeito estado,Seca,Perfeito estado,Não existe,Não há placas,Dupla,Faixa contínua,2021,2,23,1,0
SEM VÍTIMA,FINALIZADA,SANTO ANTÔNIO,SANTO ANTÔNIO,Não informado,ABALROAMENTO LONGITUDINAL,0.0,0.0,0.0,0.0,0.0,0.0,0.0,0.0,0.0,Cruzamento,Bom,Sem defeito,Perfeito estado,Seca,Perfeito estado,Faixa de pedestre,R-6a,Única,Não informado,2020,3,7,5,0
SEM VÍTIMA,FINALIZADA,IBURA,IBURA,Não informado,COLISÃO TRANSVERSAL,0.0,0.0,0.0,0.0,0.0,0.0,0.0,0.0,0.0,Cruzamento,Chuvoso,Não existe,Perfeito estado,Molhada,Perfeito estado,Não informado,Não há placas,Dupla,Não existe,2021,7,23,4,0
Não informado,CANCELADA,ROSARINHO,ROSARINHO,Não informado,COLISÃO FRONTAL,1.0,2.0,0.0,0.0,0.0,0.0,0.0,0.0,0.0,Não informado,Não informado,Não informado,Não informado,Não informado,Não informado,Não informado,Não informado,Não informado,Não informado,2022,8,12,4,0
SEM VÍTIMA,CANCELADA,ÁGUA FRIA,ÁGUA FRIA,Não informado,COLISÃO,0.0,0.0,0.0,0.0,0.0,0.0,0.0,0.0,0.0,Não informado,Não informado,Não informado,Não informado,Não informado,Não informado,Não informado,Não informado,Não informado,Não informado,2020,2,22,5,0
COM VÍTIMA,FINALIZADA,ALTO JOSÉ DO PINHO,ALTO JOSÉ DO PINHO,CIDADE,ATROPELAMENTO,0.0,0.0,0.0,0.0,0.0,0.0,0.0,0.0,0.0,Longo da via,Bom,Não existe,Incompleta,Seca,Mal conservada,Não existe,Não há placas,Dupla,Faixa seccionada,2020,8,20,3,0
Não informado,CANCELADA,ARRUDA,ARRUDA,Não informado,COLISÃO LATERAL,1.0,1.0,0.0,0.0,0.0,0.0,0.0,0.0,0.0,Não informado,Não informado,Não informado,Não informado,Não informado,Não informado,Não informado,Não informado,Não informado,Não informado,2022,11,6,6,1
COM VÍTIMA,FINALIZADA,ESTÂNCIA,ESTÂNCIA,Não informado,COLISÃO LATERAL,0.0,0.0,0.0,0.0,0.0,0.0,0.0,0.0,0.0,Não informado,Não informado,Não informado,Não informado,Não informado,Não informado,Não informado,Não informado,Não informado,Não informado,2021,7,22,3,0
COM VÍTIMA,FINALIZADA,BOA VIAGEM,BOA VIAGEM,Não informado,COLISÃO,0.0,0.0,0.0,0.0,0.0,0.0,0.0,0.0,0.0,Não informado,Não informado,Não informado,Não informado,Não informado,Não informado,Não informado,Não informado,Não informado,Não informado,2020,3,4,2,0
COM VÍTIMA,FINALIZADA,ROSARINHO,ROSARINHO,CIDADE,ATROPELAMENTO,0.0,0.0,0.0,0.0,0.0,0.0,0.0,0.0,0.0,Longo da via,Bom,Sem defeito,Perfeito estado,Seca,Perfeito estado,Faixa de pedestre,Outras,Única,Faixa seccionada,2020,1,11,5,0
SEM VÍTIMA,FINALIZADA,BOA VIAGEM,BOA VIAGEM,CIDADE,COLISÃO,0.0,0.0,0.0,0.0,0.0,0.0,0.0,0.0,0.0,Longo da via,Bom,Não existe,Perfeito estado,Seca,Perfeito estado,Não existe,Outras,Dupla,Canteiro central,2020,2,19,2,0
COM VÍTIMA,FINALIZADA,IPUTINGA,IPUTINGA,SUBURBIO,COLISÃO TRASEIRA,0.0,0.0,0.0,0.0,0.0,0.0,0.0,0.0,0.0,Longo da via,Bom,Sem defeito,Perfeito estado,Seca,Perfeito estado,Agente,Não há placas,Dupla,Canteiro central,2020,3,5,3,0
COM VÍTIMA,FINALIZADA,BOA VIAGEM,BOA VIAGEM,SUBURBIO,ABALROAMENTO LONGITUDINAL,0.0,0.0,0.0,0.0,0.0,0.0,0.0,0.0,0.0,Cruzamento,Bom,Sem defeito,Perfeito estado,Seca,Perfeito estado,Faixa de pedestre,R-6a,Única,Faixa seccionada,2020,1,20,0,0
COM VÍTIMA,FINALIZADA,VASCO DA GAMA,VASCO DA GAMA,Não informado,COLISÃO FRONTAL,0.0,0.0,0.0,0.0,0.0,0.0,0.0,0.0,0.0,Longo da via,Bom,Não existe,Não existente,Seca,Mal conservada,Não existe,Não há placas,Dupla,Não existe,2020,9,22,1,0
COM VÍTIMA,FINALIZADA,CASA FORTE,CASA FORTE,CIDADE,ABALROAMENTO LONGITUDINAL,0.0,0.0,0.0,0.0,0.0,0.0,0.0,0.0,0.0,Longo da via,Bom,Não existe,Perfeito estado,Seca,Perfeito estado,Não informado,Não há placas,Dupla,Faixa,2020,4,2,3,0
SEM VÍTIMA,FINALIZADA,ENCRUZILHADA,ENCRUZILHADA,SUBURBIO,ABALROAMENTO LONGITUDINAL,0.0,0.0,0.0,0.0,0.0,0.0,0.0,0.0,0.0,Longo da via,Bom,Sem defeito,Perfeito estado,Seca,Perfeito estado,Faixa de pedestre,R-6a,Única,Faixa seccionada,2020,3,9,0,0