natureza_acidente,situacao,bairro,bairro_cruzamento,sentido_via,tipo,auto,moto,ciclom,ciclista,pedestre,onibus,caminhao,viatura,outros,acidente_verificado,tempo_clima,situacao_semaforo,sinalizacao,condicao_via,conservacao_via,ponto_controle,situacao_placa,mao_direcao,divisao_via1,ano,mes,dia,dia_semana,vitima
COM VÍTIMA,FINALIZADA,BOA VIAGEM,BOA VIAGEM,SUBURBIO,COLISÃO TRANSVERSAL,0.0,0.0,0.0,0.0,0.0,0.0,0.0,0.0,0.0,Cruzamento,Chuvoso,Sem defeito,Perfeito estado,Molhada,Perfeito estado,Faixa de pedestre,Outras,Única,Canteiro central,2021,6,11,4,0
COM VÍTIMA,CANCELADA,SANCHO,SANCHO,Não informado,COLISÃO,0.0,0.0,0.0,0.0,0.0,0.0,0.0,0.0,0.0,Não informado,Não informado,Não informado,Não informado,Não informado,Não informado,Não informado,Não informado,Não informado,Não informado,2020,9,16,2,0
Não informado,FINALIZADA,CORDEIRO,CORDEIRO,Não informado,COLISÃO TRANSVERSAL,1.0,1.0,0.0,0.0,0.0,0.0,0.0,0.0,0.0,Cruzamento,Bom,Não existe,Perfeito estado,Seca,Perfeito estado,Faixa de retenção,Outras,Dupla,Faixa contínua,2022,2,10,3,1
Não informado,FINALIZADA,CABANGA,CABANGA,CIDADE,QUEDA,0.0,1.0,0.0,0.0,0.0,0.0,0.0,0.0,0.0,Longo da via,Bom,Não existe,Não existente,Oleosa,Perfeito estado,Não existe,Não há placas,Dupla,Não existe,2022,9,5,0,1
COM VÍTIMA,FINALIZADA,ARRUDA,ARRUDA,CIDADE,COLISÃO COM CICLISTA,0.0,0.0,0.0,0.0,0.0,0.0,0.0,0.0,0.0,Cruzamento,Bom,Sem defeito,Perfeito estado,Seca,Perfeito estado,Outros,Outras,Única,Faixa seccionada,2021,4,26,0,0
SEM VÍTIMA,FINALIZADA,PINA,PINA,CIDADE,COLISÃO TRASEIRA,0.0,0.0,0.0,0.0,0.0,0.0,0.0,0.0,0.0,Longo da via,Bom,Sem defeito,Perfeito estado,Seca,Perfeito estado,Agente,Não informado,Única,Canteiro central,2020,1,28,1,0
COM VÍTIMA,FINALIZADA,PINA,PINA,CIDADE,COLISÃO,0.0,0.0,0.0,0.0,0.0,0.0,0.0,0.0,0.0,Longo da via,Bom,Não existe,Perfeito estado,Seca,Perfeito estado,Não existe,Não há placas,Dupla,Canteiro central,2020,2,18,1,0
Não informado,FINALIZADA,IPSEP,IPSEP,Não informado,COLISÃO LATERAL,1.0,1.0,0.0,0.0,0.0,0.0,0.0,0.0,0.0,Cruzamento,Bom,Não existe,Perfeito estado,Seca,Perfeito estado,Não existe,R-6a,Única,Faixa seccionada,2022,2,22,1,1
SEM VÍTIMA,CANCELADA,GUABIRABA,GUABIRABA,Não informado,COLISÃO,0.0,0.0,0.0,0.0,0.0,0.0,0.0,0.0,0.0,Não informado,Não informado,Não informado,Não informado,Não informado,Não informado,Não informado,Não informado,Não informado,Não informado,2020,7,19,6,0
COM VÍTIMA,CANCELADA,AFOGADOS,AFOGADOS,Não informado,COLISÃO COM CICLISTA,0.0,0.0,0.0,0.0,0.0,0.0,0.0,0.0,0.0,Não informado,Não informado,Não informado,Não informado,Não informado,Não informado,Não informado,Não informado,Não informado,Não informado,2021,1,22,4,0
Não informado,FINALIZADA,BOA VIAGEM,BOA VIAGEM,Não informado,COLISÃO TRASEIRA,1.0,1.0,0.0,0.0,0.0,0.0,0.0,0.0,0.0,Não informado,Não informado,Não informado,Não informado,Não informado,Não informado,Não informado,Não informado,Não informado,Não informado,2022,7,4,0,1
SEM VÍTIMA,FINALIZADA,IPUTINGA,IPUTINGA,Não informado,ABALROAMENTO LONGITUDINAL,0.0,0.0,0.0,0.0,0.0,0.0,0.0,0.0,0.0,Longo da via,Bom,Sem defeito,Perfeito estado,Seca,Perfeito estado,Faixa de pedestre,Não há placas,Única,Não existe,2020,1,21,1,0
SEM VÍTIMA,FINALIZADA,JORDÃO,JORDÃO,Não informado,COLISÃO,0.0,0.0,0.0,0.0,0.0,0.0,0.0,0.0,0.0,Não informado,Não informado,Não informado,Não informado,Não informado,Não informado,Não informado,Não informado,Não informado,Não informado,2021,2,20,5,0
SEM VÍTIMA,FINALIZADA,CASA AMARELA,CASA AMARELA,Não informado,ABALROAMENTO LONGITUDINAL,0.0,0.0,0.0,0.0,0.0,0.0,0.0,0.0,0.0,Longo da via,Bom,Não existe,Perfeito estado,Seca,Perfeito estado,Faixa de pedestre,Placas Pare,Não informado,Não existe,2020,11,30,0,0
SEM VÍTIMA,FINALIZADA,BOA VIAGEM,BOA VIAGEM,Não informado,COLISÃO TRASEIRA,0.0,0.0,0.0,0.0,0.0,0.0,0.0,0.0,0.0,Longo da via,Bom,Sem defeito,Perfeito estado,Seca,Perfeito estado,Faixa de retenção,Não há placas,Única,Faixa contínua,2020,1,14,1,0
COM VÍTIMA,FINALIZADA,CAMPO GRANDE,CAMPO GRANDE,SUBURBIO,COLISÃO TRANSVERSAL,0.0,0.0,0.0,0.0,0.0,0.0,0.0,0.0,0.0,Cruzamento,Bom,Sem defeito,Perfeito estado,Seca,Perfeito estado,Faixa de pedestre,Não informado,Dupla,Faixa contínua,2021,2,5,4,0
Não informado,FINALIZADA,CAMPO GRANDE,CAMPO GRANDE,SUBURBIO,COLISÃO TRASEIRA,1.0,0.0,0.0,0.0,0.0,0.0,0.0,1.0,0.0,Longo da via,Bom,Não existe,Não existente,Seca,Perfeito estado,Não existe,Não há placas,Única,Não existe,2022,12,16,4,0
Não informado,FINALIZADA,BONGI,BONGI,Não informado,COLISÃO FRONTAL,1.0,1.0,0.0,0.0,0.0,0.0,0.0,0.0,0.0,Cruzamento,Bom,Não existe,Não existente,Seca,Mal conservada,Não existe,Não há placas,Dupla,Não existe,2022,4,10,6,1
COM VÍTIMA,FINALIZADA,SANTO AMARO,SANTO AMARO,CIDADE,COLISÃO TRASEIRA,0.0,0.0,0.0,0.0,0.0,0.0,0.0,0.0,0.0,Longo da via,Bom,Sem defeito,Perfeito estado,Seca,Perfeito estado,Faixa de pedestre,Não há placas,Única,Canteiro central,2021,10,14,3,0
COM VÍTIMA,FINALIZADA,TORRE,TORRE,AFOGADOS,COLISÃO TRASEIRA,0.0,0.0,0.0,0.0,0.0,0.0,0.0,0.0,0.0,Longo da via,Bom,Sem defeito,Perfeito estado,Seca,Perfeito estado,Faixa de pedestre,R-6a,Única,Faixa seccionada,2020,12,16,2,0
COM VÍTIMA,FINALIZADA,PRADO,PRADO,SUBURBIO,ABALROAMENTO LONGITUDINAL,0.0,0.0,0.0,0.0,0.0,0.0,0.0,0.0,0.0,Longo da via,Bom,Não existe,Perfeito estado,Seca,Perfeito estado,Não informado,Outras,Dupla,Faixa seccionada,2020,1,14,1,0
COM VÍTIMA,FINALIZADA,ESTÂNCIA,ESTÂNCIA,SUBURBIO,COLISÃO LATERAL,0.0,0.0,0.0,0.0,0.0,0.0,0.0,0.0,0.0,Cruzamento,Bom,Sem defeito,Perfeito estado,Seca,Perfeito estado,Faixa de pedestre,Não há placas,Dupla,Canteiro central,2021,4,23,4,0
SEM VÍTIMA,FINALIZADA,ARRUDA,ARRUDA,Não informado,COLISÃO LATERAL,0.0,0.0,0.0,0.0,0.0,0.0,0.0,0.0,0.0,Não informado,Não informado,Não informado,Não informado,Não informado,Não informado,Não informado,Não informado,Não informado,Não informado,2021,6,17,3,0
Não informado,FINALIZADA,ILHA DO RETIRO,ILHA DO RETIRO,Não informado,COLISÃO TRASEIRA,0.0,2.0,0.0,0.0,0.0,0.0,0.0,0.0,0.0,Longo da via,Bom,Não existe,Perfeito estado,Seca,Perfeito estado,Não existe,Não há placas,Dupla,Não existe,2022,9,3,5,1
COM VÍTIMA,FINALIZADA,JORDÃO,JORDÃO,CIDADE,ABALROAMENTO LONGITUDINAL,0.0,0.0,0.0,0.0,0.0,0.0,0.0,0.0,0.0,Longo da via,Bom,Não existe,Perfeito estado,Seca,Perfeito estado,Não existe,Não há placas,Dupla,Faixa contínua,2020,9,28,0,0
SEM VÍTIMA,FINALIZADA,ENCRUZILHADA,ENCRUZILHADA,SUBURBIO,ABALROAMENTO LONGITUDINAL,0.0,0.0,0.0,0.0,0.0,0.0,0.0,0.0,0.0,Longo da via,Bom,Sem defeito,Perfeito estado,Seca,Perfeito estado,Faixa de pedestre,Não informado,Única,Faixa seccionada,2020,1,3,4,0
COM VÍTIMA,FINALIZADA,AREIAS,AREIAS,SUBURBIO,ATROPELAMENTO DE PESSOA,0.0,0.0,0.0,0.0,0.0,0.0,0.0,0.0,0.0,Longo da via,Bom,Sem defeito,Perfeito estado,Seca,Perfeito estado,Não existe,Não há placas,Dupla,Faixa contínua,2021,9,7,1,0
COM VÍTIMA,EQUIPE EM DESLOCAMENTO,MACAXEIRA,MACAXEIRA,CIDADE,ABALROAMENTO LONGITUDINAL,0.0,0.0,0.0,0.0,0.0,0.0,0.0,0.0,0.0,Longo da via,Bom,Não existe,Perfeito estado,Seca,Perfeito estado,Não existe,Não há placas,Dupla,Não existe,2020,1,16,3,0
COM VÍTIMA,FINALIZADA,BONGI,BONGI,SUBURBIO,ABALROAMENTO TRANSVERSAL,0.0,0.0,0.0,0.0,0.0,0.0,0.0,0.0,0.0,Longo da via,Bom,Não existe,Perfeito estado,Seca,Perfeito estado,Não existe,Outras,Dupla,Faixa contínua,2020,12,16,2,0
SEM VÍTIMA,FINALIZADA,BOA VIAGEM,BOA VIAGEM,CIDADE,CHOQUE VEÍCULO PARADO,0.0,0.0,0.0,0.0,0.0,0.0,0.0,0.0,0.0,Longo da via,Bom,Não existe,Perfeito estado,Seca,Perfeito estado,Não existe,Não há placas,Única,Faixa seccionada,2020,11,8,6,0
COM VÍTIMA,FINALIZADA,CAMPO GRANDE,CAMPO GRANDE,CIDADE,COLISÃO COM CICLISTA,0.0,0.0,0.0,0.0,0.0,0.0,0.0,0.0,0.0,Longo da via,Bom,Não existe,Não existente,Seca,Perfeito estado,Não existe,Não há placas,Dupla,Faixa contínua,2020,11,15,6,0
Não informado,FINALIZADA,TORRÕES,TORRÕES,CIDADE,COLISÃO LATERAL,1.0,1.0,0.0,0.0,0.0,0.0,0.0,0.0,0.0,Cruzamento,Bom,Sem defeito,Perfeito estado,Seca,Perfeito estado,Não informado,Outras,Dupla,Não existe,2022,11,11,4,1
COM VÍTIMA,FINALIZADA,SANTO AMARO,SANTO AMARO,Não informado,COLISÃO TRANSVERSAL,0.0,0.0,0.0,0.0,0.0,0.0,0.0,0.0,0.0,Cruzamento,Chuvoso,Sem defeito,Perfeito estado,Molhada,Perfeito estado,Faixa de pedestre,Outras,Única,Faixa seccionada,2021,7,1,3,0
Não informado,CANCELADA,COHAB,COHAB,Não informado,COLISÃO TRASEIRA,1.0,0.0,0.0,0.0,0.0,0.0,1.0,0.0,0.0,Não informado,Não informado,Não informado,Não informado,Não informado,Não informado,Não informado,Não informado,Não informado,Não informado,2022,1,22,5,0
Não informado,FINALIZADA,DOIS UNIDOS,DOIS UNIDOS,CIDADE,COLISÃO LATERAL,1.0,1.0,0.0,0.0,0.0,1.0,0.0,0.0,0.0,Longo da via,Chuvoso,Não existe,Não existente,Molhada,Perfeito estado,Não existe,Não há placas,Dupla,Não existe,2022,7,5,1,1
COM VÍTIMA,FINALIZADA,BOA VIAGEM,BOA VIAGEM,SUBURBIO,ATROPELAMENTO DE PESSOA,0.0,0.0,0.0,0.0,0.0,0.0,0.0,0.0,0.0,Longo da via,Bom,Não existe,Não existente,Seca,Perfeito estado,Não existe,Não há placas,Única,Faixa seccionada,2021,7,17,5,0
SEM VÍTIMA,FINALIZADA,SANTO AMARO,SANTO AMARO,Não informado,ABALROAMENTO LONGITUDINAL,0.0,0.0,0.0,0.0,0.0,0.0,0.0,0.0,0.0,Longo da via,Bom,Não existe,Perfeito estado,Seca,Perfeito estado,Não existe,R-6a,Dupla,Canteiro central,2020,1,24,4,0
Não informado,FINALIZADA,BOA VIAGEM,BOA VIAGEM,AV BOA VIAGEM,ATROPELAMENTO DE PESSOA,1.0,0.0,0.0,0.0,1.0,0.0,0.0,0.0,0.0,Longo da via,Bom,Não existe,Perfeito estado,Seca,Perfeito estado,Não existe,Outras,Única,Faixa seccionada,2022,4,9,5,1
COM VÍTIMA,FINALIZADA,SANTO ANTÔNIO,SANTO ANTÔNIO,Não informado,ATROPELAMENTO,0.0,0.0,0.0,0.0,0.0,0.0,0.0,0.0,0.0,Longo da via,Chuvoso,Não existe,Ilegível,Molhada,Mal conservada,Não existe,Outras,Única,Canteiro central,2020,4,16,3,0
COM VÍTIMA,FINALIZADA,MADALENA,MADALENA,SUBURBIO,CHOQUE,0.0,0.0,0.0,0.0,0.0,0.0,0.0,0.0,0.0,Longo da via,Bom,Não existe,Incompleta,Seca,Perfeito estado,Não existe,Não há placas,Única,Canal,2021,8,30,0,0
SEM VÍTIMA,FINALIZADA,IPUTINGA,IPUTINGA,SUBURBIO,CHOQUE VEÍCULO PARADO,0.0,0.0,0.0,0.0,0.0,0.0,0.0,0.0,0.0,Longo da via,Bom,Não existe,Ilegível,Seca,Perfeito estado,Não existe,Não há placas,Dupla,Não existe,2020,2,25,1,0
Não informado,FINALIZADA,AREIAS,AREIAS,CAXANGA,COLISÃO TRASEIRA,1.0,1.0,0.0,0.0,0.0,0.0,0.0,0.0,0.0,Longo da via,Bom,Sem defeito,Perfeito estado,Seca,Perfeito estado,Faixa de pedestre,Não há placas,Dupla,Faixa contínua,2022,12,25,6,1
Não informado,CANCELADA,ALTO SANTA TERESINHA,ALTO SANTA TERESINHA,Não informado,COLISÃO FRONTAL,1.0,1.0,0.0,0.0,0.0,0.0,0.0,0.0,0.0,Não informado,Não informado,Não informado,Não informado,Não informado,Não informado,Não informado,Não informado,Não informado,Não informado,2022,9,11,6,1
SEM VÍTIMA,CANCELADA,PINA,PINA,Não informado,CHOQUE,0.0,0.0,0.0,0.0,0.0,0.0,0.0,0.0,0.0,Não informado,Não informado,Não informado,Não informado,Não informado,Não informado,Não informado,Não informado,Não informado,Não informado,2020,12,27,6,0
Não informado,FINALIZADA,CASA AMARELA,CASA AMARELA,CIDADE,CHOQUE,0.0,0.0,0.0,0.0,0.0,0.0,0.0,1.0,0.0,Longo da via,Nublado,Sem defeito,Perfeito estado,Seca,Perfeito estado,Faixa de pedestre,Outras,Dupla,Canteiro central,2022,11,30,2,0
SEM VÍTIMA,FINALIZADA,BOA VIAGEM,BOA VIAGEM,Não informado,ABALROAMENTO LONGITUDINAL,0.0,0.0,0.0,0.0,0.0,0.0,0.0,0.0,0.0,Cruzamento,Bom,Não existe,Perfeito estado,Seca,Perfeito estado,Faixa de retenção,R-6a,Única,Não existe,2020,1,12,6,0
SEM VÍTIMA,CANCELADA,CAXANGÁ,CAXANGÁ,Não informado,COLISÃO,0.0,0.0,0.0,0.0,0.0,0.0,0.0,0.0,0.0,Não informado,Não informado,Não informado,Não informado,Não informado,Não informado,Não informado,Não informado,Não informado,Não informado,2020,1,8,2,0
COM VÍTIMA,FINALIZADA,TOTÓ,TOTÓ,SUBURBIO,COLISÃO FRONTAL,0.0,0.0,0.0,0.0,0.0,0.0,0.0,0.0,0.0,Longo da via,Bom,Não existe,Perfeito estado,Seca,Perfeito estado,Não existe,Não há placas,Dupla,Não existe,2020,11,9,0,0
SEM VÍTIMA,FINALIZADA,BOA VIAGEM,BOA VIAGEM,SUBURBIO,CHOQUE VEÍCULO PARADO,0.0,0.0,0.0,0.0,0.0,0.0,0.0,0.0,0.0,Longo da via,Bom,Não existe,Perfeito estado,Seca,Perfeito estado,Não existe,Não há placas,Única,Faixa seccionada,2020,2,12,2,0
Não informado,FINALIZADA,BOA VISTA,BOA VISTA,Não informado,COLISÃO TRANSVERSAL,1.0,0.0,0.0,0.0,0.0,1.0,0.0,0.0,0.0,Cruzamento,Bom,Sem defeito,Perfeito estado,Seca,Perfeito estado,Faixa de pedestre,Não há placas,Dupla,Faixa contínua,2022,11,10,3,1
COM VÍTIMA,FINALIZADA,HIPÓDROMO,HIPÓDROMO,SUBURBIO,QUEDA,0.0,0.0,0.0,0.0,0.0,0.0,0.0,0.0,0.0,Longo da via,Bom,Não existe,Perfeito estado,Seca,Perfeito estado,Não existe,Outras,Dupla,Faixa seccionada,2021,9,1,2,0
COM VÍTIMA,FINALIZADA,IMBIRIBEIRA,IMBIRIBEIRA,SUBURBIO,ABALROAMENTO TRANSVERSAL,0.0,0.0,0.0,0.0,0.0,0.0,0.0,0.0,0.0,Cruzamento,Bom,Não existe,Incompleta,Seca,Perfeito estado,Não existe,Placas Pare,Dupla,Não existe,2020,12,3,3,0
SEM VÍTIMA,FINALIZADA,JORDÃO,JORDÃO,Não informado,CHOQUE OBJETO FIXO,0.0,0.0,0.0,0.0,0.0,0.0,0.0,0.0,0.0,Não informado,Não informado,Não informado,Não informado,Não informado,Não informado,Não informado,Não informado,Não informado,Não informado,2020,11,8,6,0
SEM VÍTIMA,FINALIZADA,BOA VIAGEM,BOA VIAGEM,SUBURBIO,ABALROAMENTO TRANSVERSAL,0.0,0.0,0.0,0.0,0.0,0.0,0.0,0.0,0.0,Cruzamento,Bom,Sem defeito,Perfeito estado,Seca,Perfeito estado,Faixa de pedestre,R-6a,Dupla,Outros,2020,1,12,6,0
Não informado,FINALIZADA,IMBIRIBEIRA,IMBIRIBEIRA,Não informado,COLISÃO FRONTAL,0.0,0.0,0.0,0.0,0.0,2.0,0.0,0.0,0.0,Não informado,Não informado,Não informado,Não informado,Não informado,Não informado,Não informado,Não informado,Não informado,Não informado,2022,8,8,0,0
VÍTIMA FATAL,FINALIZADA,IBURA,IBURA,SUBURBIO,CHOQUE OBJETO FIXO,0.0,0.0,0.0,0.0,0.0,0.0,0.0,0.0,0.0,Longo da via,Chuvoso,Não existe,Não existente,Molhada,Mal iluminada,Não informado,Não há placas,Dupla,Canteiro central,2020,7,30,3,0
Não informado,FINALIZADA,TAMARINEIRA,TAMARINEIRA,SUBURBIO,COLISÃO TRASEIRA,0.0,2.0,0.0,0.0,0.0,0.0,0.0,0.0,0.0,Longo da via,Bom,Não existe,Perfeito estado,Seca,Perfeito estado,Não existe,R-6a,Única,Faixa seccionada,2022,3,16,2,1
COM VÍTIMA,FINALIZADA,CASA AMARELA,CASA AMARELA,CIDADE,COLISÃO FRONTAL,0.0,0.0,0.0,0.0,0.0,0.0,0.0,0.0,0.0,Longo da via,Bom,Não existe,Perfeito estado,Seca,Perfeito estado,Não existe,Outras,Dupla,Não existe,2020,12,31,3,0
COM VÍTIMA,FINALIZADA,CASA AMARELA,CASA AMARELA,SUBURBIO,ABALROAMENTO TRANSVERSAL,0.0,0.0,0.0,0.0,0.0,0.0,0.0,0.0,0.0,Longo da via,Bom,Não existe,Incompleta,Seca,Perfeito estado,Não existe,Não há placas,Dupla,Não existe,2020,8,20,3,0
Não informado,FINALIZADA,ESPINHEIRO,ESPINHEIRO,CIDADE,COLISÃO TRASEIRA,1.0,0.0,0.0,0.0,0.0,0.0,0.0,1.0,0.0,Longo da via,Bom,Sem defeito,Perfeito estado,Seca,Perfeito estado,Faixa de pedestre,Não há placas,Dupla,Canteiro central,2022,12,13,1,0
SEM VÍTIMA,CANCELADA,ÁGUA FRIA,ÁGUA FRIA,Não informado,COLISÃO,0.0,0.0,0.0,0.0,0.0,0.0,0.0,0.0,0.0,Não informado,Não informado,Não informado,Não informado,Não informado,Não informado,Não informado,Não informado,Não informado,Não informado,2020,3,15,6,0
Não informado,FINALIZADA,PORTO DA MADEIRA,PORTO DA MADEIRA,Não informado,COLISÃO TRANSVERSAL,1.0,1.0,0.0,0.0,0.0,0.0,0.0,0.0,0.0,Cruzamento,Bom,Sem defeito,Perfeito estado,Seca,Perfeito estado,Não existe,Outras,Dupla,Não existe,2022,1,30,6,1
Não informado,FINALIZADA,SANTO AMARO,SANTO AMARO,SUBURBIO,COLISÃO LATERAL,1.0,1.0,0.0,0.0,0.0,0.0,0.0,0.0,0.0,Longo da via,Chuvoso,Não existe,Perfeito estado,Molhada,Perfeito estado,Não informado,Não informado,Não informado,Não informado,2022,3,23,2,1
COM VÍTIMA,CANCELADA,PINA,PINA,Não informado,CHOQUE,0.0,0.0,0.0,0.0,0.0,0.0,0.0,0.0,0.0,Não informado,Não informado,Não informado,Não informado,Não informado,Não informado,Não informado,Não informado,Não informado,Não informado,2021,1,17,6,0
COM VÍTIMA,FINALIZADA,PRADO,PRADO,Não informado,ABALROAMENTO LONGITUDINAL,0.0,0.0,0.0,0.0,0.0,0.0,0.0,0.0,0.0,Longo da via,Bom,Sem defeito,Perfeito estado,Seca,Perfeito estado,Faixa de pedestre,Outras,Dupla,Faixa contínua,2020,10,24,5,0
SEM VÍTIMA,FINALIZADA,VÁRZEA,VÁRZEA,CIDADE,COLISÃO,0.0,0.0,0.0,0.0,0.0,0.0,0.0,0.0,0.0,Longo da via,Bom,Sem defeito,Perfeito estado,Seca,Perfeito estado,Outros,Outras,Única,Faixa seccionada,2020,2,16,6,0
SEM VÍTIMA,FINALIZADA,PINA,PINA,CIDADE,COLISÃO TRASEIRA,0.0,0.0,0.0,0.0,0.0,0.0,0.0,0.0,0.0,Cruzamento,Bom,Sem defeito,Perfeito estado,Seca,Perfeito estado,Agente,Não informado,Única,Canteiro central,2020,1,7,1,0
COM VÍTIMA,DUPLICIDADE,ILHA DO RETIRO,ILHA DO RETIRO,Não informado,COLISÃO,0.0,0.0,0.0,0.0,0.0,0.0,0.0,0.0,0.0,Não informado,Não informado,Não informado,Não informado,Não informado,Não informado,Não informado,Não informado,Não informado,Não informado,2021,1,19,1,0
Não informado,FINALIZADA,BOA VIAGEM,BOA VIAGEM,Não informado,COLISÃO TRASEIRA,2.0,0.0,0.0,0.0,0.0,0.0,0.0,0.0,0.0,Longo da via,Bom,Não existe,Perfeito estado,Seca,Perfeito estado,Não existe,Não há placas,Única,Faixa seccionada,2022,10,16,6,1
COM VÍTIMA,FINALIZADA,CASA AMARELA,CASA AMARELA,Não informado,CHOQUE OBJETO FIXO,0.0,0.0,0.0,0.0,0.0,0.0,0.0,0.0,0.0,Não informado,Não informado,Não informado,Não informado,Não informado,Não informado,Não informado,Não informado,Não informado,Não informado,2020,10,28,2,0
COM VÍTIMA,FINALIZADA,CASA FORTE,CASA FORTE,Não informado,COLISÃO LATERAL,0.0,0.0,0.0,0.0,0.0,0.0,0.0,0.0,0.0,Esquina,Chuvoso,Sem defeito,Perfeito estado,Seca,Perfeito estado,Faixa de pedestre,R-6a,Dupla,Faixa contínua,2021,1,21,3,0
COM VÍTIMA,FINALIZADA,IMBIRIBEIRA,IMBIRIBEIRA,Não informado,COLISÃO LATERAL,0.0,0.0,0.0,0.0,0.0,0.0,0.0,0.0,0.0,Não informado,Não informado,Não informado,Não informado,Não informado,Não informado,Não informado,Não informado,Não informado,Não informado,2021,6,22,1,0
COM VÍTIMA,FINALIZADA,DERBY,DERBY,Não informado,COLISÃO TRASEIRA,0.0,0.0,0.0,0.0,0.0,0.0,0.0,0.0,0.0,Longo da via,Bom,Sem defeito,Perfeito estado,Seca,Perfeito estado,Faixa de pedestre,Não há placas,Dupla,Faixa contínua,2021,1,7,3,0
COM VÍTIMA,FINALIZADA,DERBY,DERBY,BOA VIAGEM,COLISÃO TRANSVERSAL,0.0,0.0,0.0,0.0,0.0,0.0,0.0,0.0,0.0,Cruzamento,Bom,Sem defeito,Perfeito estado,Seca,Perfeito estado,Faixa de pedestre,Não há placas,Dupla,Canteiro central,2021,11,19,4,0
SEM VÍTIMA,CANCELADA,ÁGUA FRIA,ÁGUA FRIA,Não informado,CHOQUE OBJETO FIXO,0.0,0.0,0.0,0.0,0.0,0.0,0.0,0.0,0.0,Não informado,Não informado,Não informado,Não informado,Não informado,Não informado,Não informado,Não informado,Não informado,Não informado,2020,2,20,3,0
SEM VÍTIMA,CANCELADA,CASA AMARELA,CASA AMARELA,Não informado,COLISÃO,0.0,0.0,0.0,0.0,0.0,0.0,0.0,0.0,0.0,Não informado,Não informado,Não informado,Não informado,Não informado,Não informado,Não informado,Não informado,Não informado,Não informado,2020,1,31,4,0
SEM VÍTIMA,FINALIZADA,TORRÕES,TORRÕES,SUBURBIO,COLISÃO TRASEIRA,0.0,0.0,0.0,0.0,0.0,0.0,0.0,0.0,0.0,Longo da via,Bom,Não existe,Incompleta,Seca,Perfeito estado,Não existe,R-6a,Única,Faixa seccionada,2020,1,3,4,0
SEM VÍTIMA,CANCELADA,IBURA,IBURA,Não informado,COLISÃO,0.0,0.0,0.0,0.0,0.0,0.0,0.0,0.0,0.0,Não informado,Não informado,Não informado,Não informado,Não informado,Não informado,Não informado,Não informado,Não informado,Não informado,2020,2,10,0,0
COM VÍTIMA,FINALIZADA,BOA VIAGEM,BOA VIAGEM,ÚNICO,CHOQUE,0.0,0.0,0.0,0.0,0.0,0.0,0.0,0.0,0.0,Longo da via,Bom,Não existe,Perfeito estado,Seca,Perfeito estado,Não existe,Não há placas,Única,Faixa seccionada,2021,9,22,2,0
SEM VÍTIMA,FINALIZADA,SANTO AMARO,SANTO AMARO,Não informado,CHOQUE,0.0,0.0,0.0,0.0,0.0,0.0,0.0,0.0,0.0,Não informado,Não informado,Não informado,Não informado,Não informado,Não informado,Não informado,Não informado,Não informado,Não informado,2021,6,18,4,0
SEM VÍTIMA,FINALIZADA,MADALENA,MADALENA,CIDADE,COLISÃO TRASEIRA,0.0,0.0,0.0,0.0,0.0,0.0,0.0,0.0,0.0,Cruzamento,Bom,Sem defeito,Perfeito estado,Seca,Perfeito estado,Agente,Outras,Dupla,Canteiro central,2020,3,16,0,0
Não informado,FINALIZADA,BOA VIAGEM,BOA VIAGEM,CIDADE,COLISÃO TRANSVERSAL,2.0,1.0,0.0,0.0,0.0,0.0,0.0,0.0,0.0,Cruzamento,Bom,Não existe,Perfeito estado,Seca,Perfeito estado,Não existe,R-4a,Única,Faixa seccionada,2022,2,26,5,1
SEM VÍTIMA,CANCELADA,BOA VISTA,BOA VISTA,Não informado,COLISÃO,0.0,0.0,0.0,0.0,0.0,0.0,0.0,0.0,0.0,Não informado,Não informado,Não informado,Não informado,Não informado,Não informado,Não informado,Não informado,Não informado,Não informado,2020,3,9,0,0
SEM VÍTIMA,FINALIZADA,CASA FORTE,CASA FORTE,SUBURBIO,COLISÃO,0.0,0.0,0.0,0.0,0.0,0.0,0.0,0.0,0.0,Longo da via,Bom,Não existe,Perfeito estado,Seca,Perfeito estado,Não existe,R-6a,Dupla,Faixa contínua,2020,2,18,1,0
Não informado,FINALIZADA,GRAÇAS,GRAÇAS,Não informado,COLISÃO COM CICLISTA,1.0,0.0,0.0,2.0,0.0,0.0,0.0,0.0,0.0,Não informado,Não informado,Não informado,Não informado,Não informado,Não informado,Não informado,Não informado,Não informado,Não informado,2022,6,22,2,1