natureza_acidente,situacao,bairro,bairro_cruzamento,sentido_via,tipo,auto,moto,ciclom,ciclista,pedestre,onibus,caminhao,viatura,outros,acidente_verificado,tempo_clima,situacao_semaforo,sinalizacao,condicao_via,conservacao_via,ponto_controle,situacao_placa,mao_direcao,divisao_via1,ano,mes,dia,dia_semana,vitima
COM VÍTIMA,FINALIZADA,CASA FORTE,CASA FORTE,SUBURBIO,ABALROAMENTO TRANSVERSAL,0.0,0.0,0.0,0.0,0.0,0.0,0.0,0.0,0.0,Cruzamento,Bom,Sem defeito,Perfeito estado,Seca,Perfeito estado,Faixa de pedestre,Outras,Única,Faixa contínua,2020,1,5,6,0
VÍTIMA FATAL,FINALIZADA,MADALENA,MADALENA,AFOGADOS,CHOQUE,0.0,0.0,0.0,0.0,0.0,0.0,0.0,0.0,0.0,Longo da via,Bom,Não existe,Perfeito estado,Seca,Perfeito estado,Não existe,Outras,Única,Faixa seccionada,2021,10,21,3,0
Não informado,FINALIZADA,IBURA,IBURA,Não informado,COLISÃO TRASEIRA,2.0,0.0,0.0,0.0,0.0,0.0,0.0,0.0,0.0,Longo da via,Bom,Não existe,Não existente,Seca,Perfeito estado,Não existe,Não há placas,Única,Não existe,2022,9,6,1,1
Não informado,FINALIZADA,DERBY,DERBY,CIDADE,COLISÃO TRANSVERSAL,0.0,0.0,0.0,0.0,0.0,0.0,0.0,0.0,0.0,Não informado,Não informado,Não informado,Não informado,Não informado,Não informado,Não informado,Não informado,Não informado,Não informado,2022,6,7,1,0
SEM VÍTIMA,FINALIZADA,BARRO,BARRO,SUBURBIO,COLISÃO TRASEIRA,0.0,0.0,0.0,0.0,0.0,0.0,0.0,0.0,0.0,Longo da via,Bom,Não existe,Ilegível,Seca,Mal conservada,Não existe,Não há placas,Dupla,Faixa seccionada,2020,1,1,2,0
COM VÍTIMA,FINALIZADA,CASA FORTE,CASA FORTE,CIDADE,QUEDA,0.0,0.0,0.0,0.0,0.0,0.0,0.0,0.0,0.0,Cruzamento,Bom,Não existe,Incompleta,Seca,Mal iluminada,Não existe,"Placas ""Pare""",Dupla,Não existe,2021,7,22,3,0
SEM VÍTIMA,FINALIZADA,AFOGADOS,AFOGADOS,Não informado,COLISÃO,0.0,0.0,0.0,0.0,0.0,0.0,0.0,0.0,0.0,Longo da via,Bom,Sem defeito,Perfeito estado,Seca,Perfeito estado,Faixa de pedestre,Outras,Dupla,Faixa seccionada,2021,2,2,1,0
COM VÍTIMA,FINALIZADA,MUSTARDINHA,MUSTARDINHA,CIDADE,COLISÃO FRONTAL,0.0,0.0,0.0,0.0,0.0,0.0,0.0,0.0,0.0,Longo da via,Bom,Não existe,Perfeito estado,Seca,Perfeito estado,Não existe,Não há placas,Não informado,Não existe,2020,2,5,2,0
COM VÍTIMA,FINALIZADA,IPSEP,IPSEP,SUBURBIO,ABALROAMENTO LONGITUDINAL,0.0,0.0,0.0,0.0,0.0,0.0,0.0,0.0,0.0,Longo da via,Bom,Sem defeito,Perfeito estado,Seca,Perfeito estado,Não existe,R-6a,Dupla,Canteiro central,2020,5,28,3,0
COM VÍTIMA,FINALIZADA,ILHA DO RETIRO,ILHA DO RETIRO,CIDADE,ABALROAMENTO LONGITUDINAL,0.0,0.0,0.0,0.0,0.0,0.0,0.0,0.0,0.0,Longo da via,Bom,Sem defeito,Perfeito estado,Seca,Perfeito estado,Faixa de retenção,Não há placas,Única,Faixa contínua,2020,11,16,0,0
SEM VÍTIMA,FINALIZADA,IMBIRIBEIRA,IMBIRIBEIRA,Não informado,COLISÃO,0.0,0.0,0.0,0.0,0.0,0.0,0.0,0.0,0.0,Não informado,Não informado,Não informado,Não informado,Não informado,Não informado,Não informado,Não informado,Não informado,Não informado,2020,10,20,1,0
Não informado,FINALIZADA,IPSEP,IPSEP,BR-101,ATROPELAMENTO DE PESSOA,0.0,1.0,0.0,0.0,1.0,0.0,0.0,0.0,0.0,Longo da via,Bom,Não existe,Não existente,Seca,Perfeito estado,Não existe,Não há placas,Dupla,Canteiro central,2022,3,21,0,1
Não informado,FINALIZADA,BOA VIAGEM,BOA VIAGEM,Não informado,COLISÃO LATERAL,2.0,0.0,0.0,0.0,0.0,0.0,0.0,0.0,0.0,Não informado,Não informado,Não informado,Não informado,Não informado,Não informado,Não informado,Não informado,Não informado,Não informado,2022,2,13,6,0
COM VÍTIMA,FINALIZADA,VASCO DA GAMA,VASCO DA GAMA,SUBURBIO,COLISÃO LATERAL,0.0,0.0,0.0,0.0,0.0,0.0,0.0,0.0,0.0,Longo da via,Bom,Não existe,Não existente,Seca,Perfeito estado,Não existe,Não há placas,Dupla,Não existe,2021,9,1,2,0
COM VÍTIMA,FINALIZADA,BOA VISTA,BOA VISTA,Não informado,ABALROAMENTO TRANSVERSAL,0.0,0.0,0.0,0.0,0.0,0.0,0.0,0.0,0.0,Esquina,Chuvoso,Não existe,Incompleta,Molhada,Mal conservada,Não existe,Outras,Única,Canteiro central,2020,2,20,3,0
SEM VÍTIMA,FINALIZADA,BOA VISTA,BOA VISTA,CIDADE,ABALROAMENTO LONGITUDINAL,0.0,0.0,0.0,0.0,0.0,0.0,0.0,0.0,0.0,Longo da via,Bom,Sem defeito,Perfeito estado,Seca,Perfeito estado,Faixa de pedestre,Outras,Única,Faixa seccionada,2020,2,24,0,0
Não informado,FINALIZADA,BOA VISTA,BOA VISTA,OLINDA,COLISÃO LATERAL,1.0,1.0,0.0,0.0,0.0,0.0,0.0,0.0,0.0,Longo da via,Bom,Sem defeito,Perfeito estado,Seca,Perfeito estado,Agente,Outras,Dupla,Faixa seccionada,2022,10,20,3,1
COM VÍTIMA,CANCELADA,ESTÂNCIA,ESTÂNCIA,Não informado,COLISÃO,0.0,0.0,0.0,0.0,0.0,0.0,0.0,0.0,0.0,Não informado,Não informado,Não informado,Não informado,Não informado,Não informado,Não informado,Não informado,Não informado,Não informado,2020,11,26,3,0
Não informado,CANCELADA,IMBIRIBEIRA,IMBIRIBEIRA,Não informado,COLISÃO FRONTAL,1.0,1.0,0.0,0.0,0.0,0.0,0.0,0.0,0.0,Não informado,Não informado,Não informado,Não informado,Não informado,Não informado,Não informado,Não informado,Não informado,Não informado,2022,12,27,1,1
SEM VÍTIMA,FINALIZADA,TAMARINEIRA,TAMARINEIRA,SUBURBIO,COLISÃO TRASEIRA,0.0,0.0,0.0,0.0,0.0,0.0,0.0,0.0,0.0,Longo da via,Bom,Não existe,Perfeito estado,Seca,Perfeito estado,Não existe,R-6a,Única,Faixa seccionada,2020,2,26,2,0
SEM VÍTIMA,FINALIZADA,ARRUDA,ARRUDA,SUBURBIO,COLISÃO TRASEIRA,0.0,0.0,0.0,0.0,0.0,0.0,0.0,0.0,0.0,Longo da via,Chuvoso,Sem defeito,Perfeito estado,Molhada,Perfeito estado,Faixa de pedestre,Outras,Única,Faixa contínua,2021,7,30,4,0
COM VÍTIMA,FINALIZADA,TEJIPIÓ,TEJIPIÓ,SUBURBIO,ABALROAMENTO LONGITUDINAL,0.0,0.0,0.0,0.0,0.0,0.0,0.0,0.0,0.0,Longo da via,Bom,Não existe,Incompleta,Seca,Mal iluminada,Não existe,Não há placas,Dupla,Faixa contínua,2020,6,24,2,0
COM VÍTIMA,FINALIZADA,DERBY,DERBY,SUBURBIO,ABALROAMENTO LONGITUDINAL,0.0,0.0,0.0,0.0,0.0,0.0,0.0,0.0,0.0,Cruzamento,Bom,Sem defeito,Perfeito estado,Seca,Perfeito estado,Faixa de pedestre,Outras,Dupla,Canal,2020,4,29,2,0
Não informado,FINALIZADA,SANTO AMARO,SANTO AMARO,CIDADE,COLISÃO LATERAL,1.0,1.0,0.0,0.0,0.0,0.0,0.0,0.0,0.0,Ponte,Bom,Não existe,Perfeito estado,Seca,Perfeito estado,Não existe,Não há placas,Dupla,Faixa contínua,2022,2,10,3,1
Não informado,FINALIZADA,BOA VIAGEM,BOA VIAGEM,Não informado,COLISÃO LATERAL,1.0,1.0,0.0,0.0,0.0,0.0,0.0,0.0,0.0,Não informado,Não informado,Não informado,Não informado,Não informado,Não informado,Não informado,Não informado,Não informado,Não informado,2022,3,4,4,0
Não informado,FINALIZADA,PINA,PINA,SUBURBIO,COLISÃO LATERAL,5.0,0.0,0.0,0.0,0.0,0.0,0.0,0.0,0.0,Cruzamento,Bom,Não existe,Perfeito estado,Seca,Perfeito estado,Faixa de pedestre,"Placas ""Pare""",Única,Faixa seccionada,2022,8,9,1,1
SEM VÍTIMA,CANCELADA,MACAXEIRA,MACAXEIRA,Não informado,ENGAVETAMENTO,0.0,0.0,0.0,0.0,0.0,0.0,0.0,0.0,0.0,Não informado,Não informado,Não informado,Não informado,Não informado,Não informado,Não informado,Não informado,Não informado,Não informado,2021,1,19,1,0
COM VÍTIMA,FINALIZADA,SANTO AMARO,SANTO AMARO,Não informado,COLISÃO COM CICLISTA,0.0,0.0,0.0,0.0,0.0,0.0,0.0,0.0,0.0,Longo da via,Chuvoso,Desligado,Perfeito estado,Molhada,Perfeito estado,Outros,Outras,Dupla,Canteiro central,2021,12,13,0,0
SEM VÍTIMA,CANCELADA,CASA AMARELA,CASA AMARELA,Não informado,COLISÃO,0.0,0.0,0.0,0.0,0.0,0.0,0.0,0.0,0.0,Não informado,Não informado,Não informado,Não informado,Não informado,Não informado,Não informado,Não informado,Não informado,Não informado,2020,1,9,3,0
Não informado,FINALIZADA,MADALENA,MADALENA,SUBURBIO,COLISÃO LATERAL,1.0,1.0,0.0,0.0,0.0,0.0,0.0,0.0,0.0,Longo da via,Bom,Não existe,Perfeito estado,Seca,Perfeito estado,Não existe,R-6a,Dupla,Faixa seccionada,2022,9,14,2,1
Não informado,FINALIZADA,CAMPINA DO BARRETO,CAMPINA DO BARRETO,Não informado,COLISÃO TRASEIRA,0.0,0.0,0.0,0.0,0.0,0.0,0.0,2.0,0.0,Longo da via,Bom,Não existe,Perfeito estado,Seca,Perfeito estado,Não existe,Não há placas,Dupla,Faixa seccionada,2022,6,15,2,0
OUTROS,FINALIZADA,SÃO JOSÉ,SÃO JOSÉ,CIDADE,OUTROS,0.0,0.0,0.0,0.0,0.0,0.0,0.0,0.0,0.0,Longo da via,Chuvoso,Sem defeito,Perfeito estado,Molhada,Perfeito estado,Não existe,Não há placas,Dupla,Canteiro central,2021,11,17,2,0
SEM VÍTIMA,CANCELADA,TORRE,TORRE,Não informado,COLISÃO,0.0,0.0,0.0,0.0,0.0,0.0,0.0,0.0,0.0,Não informado,Não informado,Não informado,Não informado,Não informado,Não informado,Não informado,Não informado,Não informado,Não informado,2020,11,2,0,0
SEM VÍTIMA,FINALIZADA,BOA VIAGEM,BOA VIAGEM,Não informado,COLISÃO TRASEIRA,0.0,0.0,0.0,0.0,0.0,0.0,0.0,0.0,0.0,Não informado,Não informado,Não informado,Não informado,Não informado,Não informado,Não informado,Não informado,Não informado,Não informado,2021,12,3,4,0
COM VÍTIMA,FINALIZADA,CASA AMARELA,CASA AMARELA,SUBURBIO,COLISÃO TRANSVERSAL,0.0,0.0,0.0,0.0,0.0,0.0,0.0,0.0,0.0,Cruzamento,Bom,Sem defeito,Perfeito estado,Seca,Perfeito estado,Faixa de pedestre,Não informado,Dupla,Faixa contínua,2021,3,27,5,0
SEM VÍTIMA,FINALIZADA,ESPINHEIRO,ESPINHEIRO,Não informado,CHOQUE VEÍCULO PARADO,0.0,0.0,0.0,0.0,0.0,0.0,0.0,0.0,0.0,Longo da via,Bom,Não existe,Perfeito estado,Seca,Perfeito estado,Não existe,Não há placas,Dupla,Faixa seccionada,2020,1,6,0,0
Não informado,FINALIZADA,ESTÂNCIA,ESTÂNCIA,Não informado,ATROPELAMENTO DE PESSOA,0.0,1.0,0.0,0.0,1.0,0.0,0.0,0.0,0.0,Não informado,Não informado,Não informado,Não informado,Não informado,Não informado,Não informado,Não informado,Não informado,Não informado,2022,6,27,0,1
COM VÍTIMA,FINALIZADA,TAMARINEIRA,TAMARINEIRA,Não informado,CAPOTAMENTO,0.0,0.0,0.0,0.0,0.0,0.0,0.0,0.0,0.0,Longo da via,Bom,Não existe,Perfeito estado,Seca,Perfeito estado,Não existe,Não há placas,Única,Faixa seccionada,2021,11,25,3,0
SEM VÍTIMA,CANCELADA,PRADO,PRADO,CIDADE,COLISÃO,0.0,0.0,0.0,0.0,0.0,0.0,0.0,0.0,0.0,Não informado,Não informado,Não informado,Não informado,Não informado,Não informado,Não informado,Não informado,Não informado,Não informado,2020,2,12,2,0
SEM VÍTIMA,FINALIZADA,IBURA,IBURA,SUBURBIO,ABALROAMENTO LONGITUDINAL,0.0,0.0,0.0,0.0,0.0,0.0,0.0,0.0,0.0,Cruzamento,Bom,Não existe,Perfeito estado,Seca,Perfeito estado,Não existe,Placas Pare,Dupla,Faixa seccionada,2020,3,4,2,0
Não informado,FINALIZADA,SAN MARTIN,SAN MARTIN,Não informado,COLISÃO LATERAL,2.0,1.0,0.0,0.0,0.0,0.0,0.0,0.0,0.0,Esquina,Bom,Não existe,Não existente,Seca,Mal conservada,Não existe,Não há placas,Dupla,Não existe,2022,11,2,2,1
COM VÍTIMA,FINALIZADA,PAISSANDU,PAISSANDU,CIDADE,ATROPELAMENTO DE PESSOA,0.0,0.0,0.0,0.0,0.0,0.0,0.0,0.0,0.0,Longo da via,Bom,Não existe,Perfeito estado,Seca,Perfeito estado,Não existe,Outras,Dupla,Canteiro central,2021,9,20,0,0
Não informado,FINALIZADA,IPSEP,IPSEP,SUBURBIO,COLISÃO TRASEIRA,0.0,1.0,0.0,0.0,0.0,0.0,1.0,0.0,0.0,Longo da via,Bom,Não existe,Perfeito estado,Seca,Perfeito estado,Não existe,Não há placas,Não informado,Faixa seccionada,2022,9,1,3,1
COM VÍTIMA,FINALIZADA,CAMPO GRANDE,CAMPO GRANDE,SUBURBIO,ABALROAMENTO TRANSVERSAL,0.0,0.0,0.0,0.0,0.0,0.0,0.0,0.0,0.0,Cruzamento,Bom,Sem defeito,Perfeito estado,Seca,Perfeito estado,Faixa de pedestre,Não informado,Única,Faixa contínua,2020,8,15,5,0
Não informado,FINALIZADA,CURADO,CURADO,SUBURBIO,COLISÃO LATERAL,1.0,1.0,0.0,0.0,0.0,0.0,0.0,0.0,0.0,Longo da via,Bom,Não existe,Ilegível,Seca,Outros,Não existe,Não há placas,Dupla,Faixa contínua,2022,10,11,1,1
Não informado,FINALIZADA,ESTÂNCIA,ESTÂNCIA,CIDADE,COLISÃO TRASEIRA,1.0,1.0,0.0,0.0,0.0,0.0,0.0,0.0,0.0,Longo da via,Bom,Sem defeito,Perfeito estado,Seca,Perfeito estado,Não existe,Não há placas,Dupla,Faixa contínua,2022,3,3,3,1
Não informado,FINALIZADA,BOA VIAGEM,BOA VIAGEM,Não informado,COLISÃO LATERAL,1.0,1.0,0.0,0.0,0.0,0.0,0.0,0.0,0.0,Longo da via,Chuvoso,Não existe,Perfeito estado,Molhada,Perfeito estado,Não existe,R-6a,Única,Faixa seccionada,2022,10,15,5,1
Não informado,FINALIZADA,AFOGADOS,AFOGADOS,SUBURBIO,COLISÃO LATERAL,1.0,1.0,0.0,0.0,0.0,0.0,0.0,0.0,0.0,Cruzamento,Bom,Não existe,Perfeito estado,Seca,Perfeito estado,Faixa de pedestre,Não há placas,Dupla,Faixa contínua,2022,7,1,4,1
COM VÍTIMA,FINALIZADA,CORDEIRO,CORDEIRO,CIDADE,ATROPELAMENTO,0.0,0.0,0.0,0.0,0.0,0.0,0.0,0.0,0.0,Longo da via,Bom,Não existe,Incompleta,Seca,Perfeito estado,Não existe,Não há placas,Dupla,Faixa seccionada,2020,9,25,4,0
Não informado,FINALIZADA,CAXANGÁ,CAXANGÁ,CIDADE,ATROPELAMENTO DE PESSOA,0.0,1.0,0.0,0.0,1.0,0.0,0.0,0.0,0.0,Cruzamento,Bom,Sem defeito,Perfeito estado,Seca,Perfeito estado,Faixa de pedestre,Outras,Dupla,Canteiro central,2022,9,3,5,1
Não informado,FINALIZADA,AFOGADOS,AFOGADOS,SUBURBIO,COLISÃO LATERAL,1.0,1.0,0.0,0.0,0.0,0.0,0.0,0.0,0.0,Longo da via,Bom,Sem defeito,Perfeito estado,Seca,Perfeito estado,Não existe,Não há placas,Dupla,Faixa contínua,2022,10,28,4,1
COM VÍTIMA,CANCELADA,NOVA DESCOBERTA,NOVA DESCOBERTA,Não informado,COLISÃO FRONTAL,0.0,0.0,0.0,0.0,0.0,0.0,0.0,0.0,0.0,Não informado,Não informado,Não informado,Não informado,Não informado,Não informado,Não informado,Não informado,Não informado,Não informado,2021,10,7,3,0
Não informado,FINALIZADA,CASA AMARELA,CASA AMARELA,SUBURBIO,COLISÃO TRASEIRA,2.0,0.0,0.0,0.0,0.0,0.0,0.0,0.0,0.0,Cruzamento,Bom,Não existe,Não informado,Seca,Perfeito estado,Faixa de pedestre,Outras,Dupla,Não existe,2022,1,6,3,0
COM VÍTIMA,EQUIPE NO LOCAL,SANTO AMARO,SANTO AMARO,CIDADE,ABALROAMENTO TRANSVERSAL,0.0,0.0,0.0,0.0,0.0,0.0,0.0,0.0,0.0,Longo da via,Bom,Não existe,Perfeito estado,Seca,Perfeito estado,Outros,Não há placas,Única,Outros,2020,7,3,4,0
SEM VÍTIMA,FINALIZADA,SANTO AMARO,SANTO AMARO,CIDADE,CHOQUE OBJETO FIXO,0.0,0.0,0.0,0.0,0.0,0.0,0.0,0.0,0.0,Longo da via,Bom,Sem defeito,Perfeito estado,Seca,Perfeito estado,Agente,Não informado,Dupla,Faixa seccionada,2020,1,31,4,0
SEM VÍTIMA,FINALIZADA,BOA VIAGEM,BOA VIAGEM,CIDADE,ABALROAMENTO LONGITUDINAL,0.0,0.0,0.0,0.0,0.0,0.0,0.0,0.0,0.0,Longo da via,Bom,Não existe,Perfeito estado,Seca,Perfeito estado,Não existe,Outras,Única,Faixa contínua,2020,2,21,4,0
COM VÍTIMA,FINALIZADA,ESPINHEIRO,ESPINHEIRO,Não informado,COLISÃO COM CICLISTA,0.0,0.0,0.0,0.0,0.0,0.0,0.0,0.0,0.0,Longo da via,Bom,Não existe,Perfeito estado,Seca,Perfeito estado,Outros,Não há placas,Única,Não existe,2021,6,15,1,0
COM VÍTIMA,FINALIZADA,BOA VIAGEM,BOA VIAGEM,CIDADE,COLISÃO LATERAL,0.0,0.0,0.0,0.0,0.0,0.0,0.0,0.0,0.0,Cruzamento,Bom,Não existe,Perfeito estado,Seca,Perfeito estado,Faixa de pedestre,"Placas ""Pare""",Única,Faixa contínua,2021,6,16,2,0
COM VÍTIMA,FINALIZADA,CASA AMARELA,CASA AMARELA,Não informado,COLISÃO LATERAL,0.0,0.0,0.0,0.0,0.0,0.0,0.0,0.0,0.0,Cruzamento,Bom,Não existe,Perfeito estado,Seca,Perfeito estado,Faixa de pedestre,R-6a,Dupla,Não existe,2021,3,25,3,0
Não informado,FINALIZADA,BEBERIBE,BEBERIBE,CIDADE,CHOQUE,2.0,1.0,0.0,0.0,0.0,0.0,0.0,0.0,0.0,Longo da via,Chuvoso,Não existe,Perfeito estado,Não informado,Perfeito estado,Não existe,Não há placas,Dupla,Faixa seccionada,2022,2,18,4,1
SEM VÍTIMA,FINALIZADA,BAIRRO DO RECIFE,BAIRRO DO RECIFE,CIDADE,ABALROAMENTO LONGITUDINAL,0.0,0.0,0.0,0.0,0.0,0.0,0.0,0.0,0.0,Longo da via,Bom,Não existe,Perfeito estado,Seca,Não informado,Outros,Não há placas,Dupla,Canteiro central,2020,1,13,0,0
SEM VÍTIMA,CANCELADA,CASA AMARELA,CASA AMARELA,SUBURBIO/ CIDADE,COLISÃO,0.0,0.0,0.0,0.0,0.0,0.0,0.0,0.0,0.0,Não informado,Não informado,Não informado,Não informado,Não informado,Não informado,Não informado,Não informado,Não informado,Não informado,2020,3,9,0,0
Não informado,FINALIZADA,BOA VIAGEM,BOA VIAGEM,SUBURBIO,COLISÃO TRANSVERSAL,1.0,0.0,0.0,0.0,0.0,0.0,0.0,1.0,0.0,Cruzamento,Bom,Sem defeito,Perfeito estado,Seca,Perfeito estado,Faixa de pedestre,Outras,Única,Faixa contínua,2022,9,1,3,0
SEM VÍTIMA,FINALIZADA,PINA,PINA,SUBURBIO,COLISÃO TRASEIRA,0.0,0.0,0.0,0.0,0.0,0.0,0.0,0.0,0.0,Longo da via,Bom,Não existe,Perfeito estado,Seca,Perfeito estado,Não existe,Outras,Única,Faixa contínua,2020,1,3,4,0
SEM VÍTIMA,FINALIZADA,IPSEP,IPSEP,CIDADE,COLISÃO TRASEIRA,0.0,0.0,0.0,0.0,0.0,0.0,0.0,0.0,0.0,Longo da via,Bom,Sem defeito,Perfeito estado,Seca,Perfeito estado,Não existe,Não há placas,Dupla,Faixa contínua,2020,1,21,1,0
SEM VÍTIMA,FINALIZADA,ESTÂNCIA,ESTÂNCIA,SUBURBIO,ABALROAMENTO LONGITUDINAL,0.0,0.0,0.0,0.0,0.0,0.0,0.0,0.0,0.0,Longo da via,Bom,Não existe,Incompleta,Seca,Não informado,Não existe,Não há placas,Única,Não existe,2020,1,11,5,0
COM VÍTIMA,FINALIZADA,SANTO AMARO,SANTO AMARO,SUBURBIO,COLISÃO FRONTAL,0.0,0.0,0.0,0.0,0.0,0.0,0.0,0.0,0.0,Longo da via,Bom,Sem defeito,Perfeito estado,Seca,Perfeito estado,Não informado,Não informado,Não informado,Não informado,2021,10,1,4,0
COM VÍTIMA,FINALIZADA,TORRÕES,TORRÕES,SUBURBIO,COLISÃO TRASEIRA,0.0,0.0,0.0,0.0,0.0,0.0,0.0,0.0,0.0,Longo da via,Bom,Sem defeito,Perfeito estado,Seca,Perfeito estado,Outros,R-6a,Única,Não existe,2020,2,11,1,0
COM VÍTIMA,FINALIZADA,IMBIRIBEIRA,IMBIRIBEIRA,CIDADE,COLISÃO TRASEIRA,0.0,0.0,0.0,0.0,0.0,0.0,0.0,0.0,0.0,Longo da via,Bom,Sem defeito,Perfeito estado,Seca,Perfeito estado,Faixa de pedestre,R-6a,Dupla,Faixa seccionada,2021,2,20,5,0
COM VÍTIMA,FINALIZADA,ROSARINHO,ROSARINHO,Não informado,ABALROAMENTO TRANSVERSAL,0.0,0.0,0.0,0.0,0.0,0.0,0.0,0.0,0.0,Cruzamento,Bom,Não existe,Perfeito estado,Seca,Perfeito estado,Não existe,Placas Pare,Dupla,Faixa seccionada,2020,11,8,6,0
COM VÍTIMA,FINALIZADA,ENCRUZILHADA,ENCRUZILHADA,Não informado,COLISÃO COM CICLISTA,0.0,0.0,0.0,0.0,0.0,0.0,0.0,0.0,0.0,Longo da via,Bom,Sem defeito,Perfeito estado,Seca,Perfeito estado,Faixa de pedestre,Outras,Dupla,Faixa contínua,2021,1,11,0,0
SEM VÍTIMA,FINALIZADA,MADALENA,MADALENA,SUBURBIO,COLISÃO,0.0,0.0,0.0,0.0,0.0,0.0,0.0,0.0,0.0,Cruzamento,Bom,Sem defeito,Perfeito estado,Seca,Perfeito estado,Não existe,R-4a,Única,Não existe,2020,7,13,0,0
Não informado,FINALIZADA,DOIS IRMÃOS,DOIS IRMÃOS,Não informado,COLISÃO LATERAL,1.0,1.0,0.0,0.0,0.0,0.0,1.0,0.0,0.0,Longo da via,Bom,Sem defeito,Perfeito estado,Seca,Perfeito estado,Não existe,Não informado,Dupla,Faixa contínua,2022,1,5,2,1
SEM VÍTIMA,FINALIZADA,DERBY,DERBY,BOA VIAGEM,COLISÃO LATERAL,0.0,0.0,0.0,0.0,0.0,0.0,0.0,0.0,0.0,Longo da via,Bom,Sem defeito,Perfeito estado,Seca,Perfeito estado,Faixa de pedestre,Outras,Dupla,Canteiro central,2021,7,5,0,0
Não informado,FINALIZADA,ILHA DO LEITE,ILHA DO LEITE,Não informado,COLISÃO TRASEIRA,2.0,0.0,0.0,0.0,0.0,0.0,0.0,0.0,0.0,Não informado,Não informado,Não informado,Não informado,Não informado,Não informado,Não informado,Não informado,Não informado,Não informado,2022,10,27,3,0
Não informado,FINALIZADA,MACAXEIRA,MACAXEIRA,Não informado,COLISÃO LATERAL,1.0,1.0,0.0,0.0,0.0,0.0,0.0,0.0,0.0,Não informado,Não informado,Não informado,Não informado,Não informado,Não informado,Não informado,Não informado,Não informado,Não informado,2022,3,12,5,1
Não informado,FINALIZADA,ESTÂNCIA,ESTÂNCIA,SUBURBIO,COLISÃO TRANSVERSAL,1.0,1.0,0.0,0.0,0.0,0.0,0.0,0.0,0.0,Longo da via,Chuvoso,Sem defeito,Perfeito estado,Molhada,Perfeito estado,Agente,R-5a,Única,Não existe,2022,4,29,4,1
COM VÍTIMA,FINALIZADA,PINA,PINA,SUBURBIO,ABALROAMENTO LONGITUDINAL,0.0,0.0,0.0,0.0,0.0,0.0,0.0,0.0,0.0,Cruzamento,Chuvoso,Intermitente,Perfeito estado,Molhada,Perfeito estado,Não informado,Não informado,Única,Faixa seccionada,2020,5,29,4,0
COM VÍTIMA,FINALIZADA,TORRÕES,TORRÕES,CIDADE,ABALROAMENTO LONGITUDINAL,0.0,0.0,0.0,0.0,0.0,0.0,0.0,0.0,0.0,Esquina,Bom,Não existe,Perfeito estado,Seca,Perfeito estado,Outros,R-34,Dupla,Faixa contínua,2020,3,31,1,0
SEM VÍTIMA,FINALIZADA,SÃO JOSÉ,SÃO JOSÉ,SUBURBIO,ABALROAMENTO TRANSVERSAL,0.0,0.0,0.0,0.0,0.0,0.0,0.0,0.0,0.0,Não informado,Bom,Não existe,Perfeito estado,Seca,Perfeito estado,Não existe,Não há placas,Única,Faixa seccionada,2020,1,17,4,0
COM VÍTIMA,FINALIZADA,SANTO AMARO,SANTO AMARO,SUBURBIO,CHOQUE,0.0,0.0,0.0,0.0,0.0,0.0,0.0,0.0,0.0,Longo da via,Bom,Não existe,Perfeito estado,Seca,Perfeito estado,Não existe,Não há placas,Dupla,Canteiro central,2021,12,14,1,0
Não informado,FINALIZADA,BOA VIAGEM,BOA VIAGEM,CIDADE,COLISÃO LATERAL,2.0,0.0,0.0,0.0,0.0,0.0,0.0,0.0,0.0,Longo da via,Bom,Não existe,Não informado,Seca,Perfeito estado,Não existe,R-6a,Única,Faixa seccionada,2022,3,20,6,1
Não informado,CANCELADA,SANTO AMARO,SANTO AMARO,Não informado,COLISÃO LATERAL,2.0,0.0,0.0,0.0,0.0,0.0,0.0,0.0,0.0,Não informado,Não informado,Não informado,Não informado,Não informado,Não informado,Não informado,Não informado,Não informado,Não informado,2022,1,31,0,0
COM VÍTIMA,CANCELADA,BOA VISTA,BOA VISTA,Não informado,COLISÃO,0.0,0.0,0.0,0.0,0.0,0.0,0.0,0.0,0.0,Não informado,Não informado,Não informado,Não informado,Não informado,Não informado,Não informado,Não informado,Não informado,Não informado,2020,12,4,4,0
Não informado,FINALIZADA,IPSEP,IPSEP,SUBURBIO,COLISÃO LATERAL,0.0,1.0,0.0,0.0,0.0,1.0,0.0,0.0,0.0,Longo da via,Bom,Não existe,Não existente,Seca,Perfeito estado,Não existe,Não há placas,Dupla,Não existe,2022,11,21,0,1