natureza_acidente,situacao,bairro,bairro_cruzamento,sentido_via,tipo,auto,moto,ciclom,ciclista,pedestre,onibus,caminhao,viatura,outros,acidente_verificado,tempo_clima,situacao_semaforo,sinalizacao,condicao_via,conservacao_via,ponto_controle,situacao_placa,mao_direcao,divisao_via1,ano,mes,dia,dia_semana,vitima
COM VÍTIMA,FINALIZADA,JARDIM SÃO PAULO,JARDIM SÃO PAULO,SUBURBIO,COLISÃO LATERAL,0.0,0.0,0.0,0.0,0.0,0.0,0.0,0.0,0.0,Longo da via,Bom,Não existe,Não existente,Seca,Perfeito estado,Não existe,Não há placas,Dupla,Não existe,2021,8,26,3,0
Não informado,FINALIZADA,BOA VIAGEM,BOA VIAGEM,SUBURBIO,ATROPELAMENTO DE PESSOA,1.0,0.0,0.0,0.0,1.0,0.0,0.0,0.0,0.0,Longo da via,Bom,Não existe,Perfeito estado,Seca,Perfeito estado,Não existe,R-6a,Única,Faixa seccionada,2022,10,22,5,1
Não informado,FINALIZADA,AREIAS,AREIAS,Não informado,ATROPELAMENTO DE PESSOA,0.0,1.0,0.0,0.0,1.0,0.0,0.0,0.0,0.0,Longo da via,Bom,Não existe,Incompleta,Seca,Mal conservada,Não existe,"Placas ""Pare""",Dupla,Não existe,2022,8,10,2,1
Não informado,FINALIZADA,IBURA,IBURA,SUBURBIO,COLISÃO LATERAL,0.0,2.0,0.0,0.0,0.0,0.0,0.0,0.0,0.0,Cruzamento,Bom,Não existe,Perfeito estado,Seca,Perfeito estado,Não existe,Outras,Dupla,Faixa contínua,2022,6,17,4,1
Não informado,CANCELADA,PORTO DA MADEIRA,PORTO DA MADEIRA,Não informado,COLISÃO LATERAL,0.0,2.0,0.0,0.0,0.0,0.0,0.0,0.0,0.0,Não informado,Não informado,Não informado,Não informado,Não informado,Não informado,Não informado,Não informado,Não informado,Não informado,2022,2,14,0,1
SEM VÍTIMA,FINALIZADA,BOA VISTA,BOA VISTA,Não informado,ABALROAMENTO TRANSVERSAL,0.0,0.0,0.0,0.0,0.0,0.0,0.0,0.0,0.0,Cruzamento,Bom,Não existe,Perfeito estado,Seca,Perfeito estado,Não existe,Placas Pare,Única,Não existe,2020,1,22,2,0
COM VÍTIMA,FINALIZADA,SÃO JOSÉ,SÃO JOSÉ,CIDADE,CHOQUE,0.0,0.0,0.0,0.0,0.0,0.0,0.0,0.0,0.0,Longo da via,Bom,Não existe,Perfeito estado,Seca,Perfeito estado,Não existe,Não há placas,Dupla,Canteiro central,2021,1,17,6,0
SEM VÍTIMA,FINALIZADA,VÁRZEA,VÁRZEA,SUBURBIO,ABALROAMENTO TRANSVERSAL,0.0,0.0,0.0,0.0,0.0,0.0,0.0,0.0,0.0,Longo da via,Bom,Não existe,Não existente,Seca,Mal conservada,Não existe,Não há placas,Única,Não existe,2020,1,22,2,0
COM VÍTIMA,CANCELADA,LINHA DO TIRO,LINHA DO TIRO,Não informado,COLISÃO,0.0,0.0,0.0,0.0,0.0,0.0,0.0,0.0,0.0,Não informado,Não informado,Não informado,Não informado,Não informado,Não informado,Não informado,Não informado,Não informado,Não informado,2020,9,12,5,0
COM VÍTIMA,FINALIZADA,DOIS IRMÃOS,DOIS IRMÃOS,SUBURBIO,ABALROAMENTO TRANSVERSAL,0.0,0.0,0.0,0.0,0.0,0.0,0.0,0.0,0.0,Longo da via,Bom,Não informado,Incompleta,Seca,Perfeito estado,Não existe,Não há placas,Dupla,Não existe,2020,3,2,0,0
Não informado,FINALIZADA,DOIS UNIDOS,DOIS UNIDOS,SUBURBIO,CAPOTAMENTO,1.0,0.0,0.0,0.0,0.0,0.0,0.0,0.0,0.0,Longo da via,Chuvoso,Não existe,Incompleta,Molhada,Perfeito estado,Não existe,Não informado,Dupla,Não existe,2022,7,4,0,0
SEM VÍTIMA,CANCELADA,BOA VIAGEM,BOA VIAGEM,Não informado,COLISÃO TRASEIRA,0.0,0.0,0.0,0.0,0.0,0.0,0.0,0.0,0.0,Não informado,Não informado,Não informado,Não informado,Não informado,Não informado,Não informado,Não informado,Não informado,Não informado,2021,10,30,5,0
COM VÍTIMA,FINALIZADA,CORDEIRO,CORDEIRO,CIDADE,COLISÃO FRONTAL,0.0,0.0,0.0,0.0,0.0,0.0,0.0,0.0,0.0,Longo da via,Bom,Não existe,Perfeito estado,Seca,Não informado,Não existe,Não informado,Dupla,Não informado,2021,11,8,0,0
COM VÍTIMA,FINALIZADA,CASA AMARELA,CASA AMARELA,CIDADE,COLISÃO TRASEIRA,0.0,0.0,0.0,0.0,0.0,0.0,0.0,0.0,0.0,Longo da via,Bom,Não existe,Perfeito estado,Seca,Perfeito estado,Não existe,Outras,Única,Faixa seccionada,2021,11,26,4,0
Não informado,FINALIZADA,BOA VISTA,BOA VISTA,Não informado,COLISÃO LATERAL,2.0,0.0,0.0,0.0,0.0,0.0,0.0,0.0,0.0,Não informado,Não informado,Não informado,Não informado,Não informado,Não informado,Não informado,Não informado,Não informado,Não informado,2022,5,13,4,0
Não informado,FINALIZADA,VÁRZEA,VÁRZEA,Não informado,COLISÃO TRANSVERSAL,1.0,1.0,0.0,0.0,0.0,0.0,0.0,0.0,0.0,Esquina,Bom,Não existe,Perfeito estado,Seca,Perfeito estado,Não existe,Não há placas,Dupla,Faixa seccionada,2022,7,26,1,1
SEM VÍTIMA,FINALIZADA,ESPINHEIRO,ESPINHEIRO,CIDADE,ABALROAMENTO TRANSVERSAL,0.0,0.0,0.0,0.0,0.0,0.0,0.0,0.0,0.0,Cruzamento,Bom,Sem defeito,Perfeito estado,Seca,Perfeito estado,Faixa de pedestre,Outras,Única,Faixa seccionada,2020,1,25,5,0
COM VÍTIMA,FINALIZADA,IBURA,IBURA,CIDADE,COLISÃO TRANSVERSAL,0.0,0.0,0.0,0.0,0.0,0.0,0.0,0.0,0.0,Longo da via,Bom,Não existe,Perfeito estado,Seca,Perfeito estado,Não existe,Outras,Dupla,Não existe,2021,11,28,6,0
SEM VÍTIMA,FINALIZADA,IPSEP,IPSEP,SUBURBIO,COLISÃO TRASEIRA,0.0,0.0,0.0,0.0,0.0,0.0,0.0,0.0,0.0,Longo da via,Bom,Não existe,Perfeito estado,Seca,Perfeito estado,Não existe,Outras,Dupla,Não existe,2020,3,2,0,0
COM VÍTIMA,FINALIZADA,DERBY,DERBY,SUBURBIO,ABALROAMENTO LONGITUDINAL,0.0,0.0,0.0,0.0,0.0,0.0,0.0,0.0,0.0,Longo da via,Bom,Não existe,Perfeito estado,Seca,Perfeito estado,Outros,Não há placas,Dupla,Canal,2020,11,26,3,0
COM VÍTIMA,FINALIZADA,IPUTINGA,IPUTINGA,CIDADE,COLISÃO FRONTAL,0.0,0.0,0.0,0.0,0.0,0.0,0.0,0.0,0.0,Longo da via,Bom,Não existe,Não existente,Seca,Perfeito estado,Não existe,Não há placas,Dupla,Não existe,2021,11,30,1,0
COM VÍTIMA,FINALIZADA,TAMARINEIRA,TAMARINEIRA,SUBURBIO,COLISÃO TRASEIRA,0.0,0.0,0.0,0.0,0.0,0.0,0.0,0.0,0.0,Esquina,Bom,Não existe,Perfeito estado,Seca,Perfeito estado,Não existe,Outras,Dupla,Faixa contínua,2021,1,31,6,0
COM VÍTIMA,FINALIZADA,BOA VIAGEM,BOA VIAGEM,CIDADE,COLISÃO LATERAL,0.0,0.0,0.0,0.0,0.0,0.0,0.0,0.0,0.0,Cruzamento,Bom,Sem defeito,Perfeito estado,Seca,Perfeito estado,Faixa de pedestre,Outras,Dupla,Faixa contínua,2021,8,24,1,0
Não informado,FINALIZADA,CABANGA,CABANGA,CIDADE,COLISÃO LATERAL,1.0,1.0,0.0,0.0,0.0,1.0,0.0,0.0,0.0,Ponte,Bom,Não existe,Perfeito estado,Seca,Perfeito estado,Não existe,Não há placas,Única,Faixa contínua,2022,8,8,0,1
COM VÍTIMA,FINALIZADA,TEJIPIÓ,TEJIPIÓ,Não informado,COLISÃO LATERAL,0.0,0.0,0.0,0.0,0.0,0.0,0.0,0.0,0.0,Longo da via,Bom,Sem defeito,Perfeito estado,Seca,Perfeito estado,Faixa de pedestre,Outras,Dupla,Faixa contínua,2021,1,13,2,0
COM VÍTIMA,FINALIZADA,BOA VIAGEM,BOA VIAGEM,CIDADE,COLISÃO FRONTAL,0.0,0.0,0.0,0.0,0.0,0.0,0.0,0.0,0.0,Longo da via,Bom,Não existe,Perfeito estado,Seca,Perfeito estado,Não existe,R-6a,Única,Faixa contínua,2021,10,22,4,0
COM VÍTIMA,FINALIZADA,IMBIRIBEIRA,IMBIRIBEIRA,CIDADE,COLISÃO TRASEIRA,0.0,0.0,0.0,0.0,0.0,0.0,0.0,0.0,0.0,Longo da via,Bom,Sem defeito,Perfeito estado,Seca,Perfeito estado,Faixa de pedestre,Não há placas,Dupla,Canteiro central,2020,10,30,4,0
COM VÍTIMA,FINALIZADA,CASA FORTE,CASA FORTE,CIDADE,COLISÃO COM CICLISTA,0.0,0.0,0.0,0.0,0.0,0.0,0.0,0.0,0.0,Longo da via,Bom,Não existe,Não informado,Não informado,Não informado,Não informado,Não informado,Única,Não informado,2020,7,7,1,0
COM VÍTIMA,FINALIZADA,IMBIRIBEIRA,IMBIRIBEIRA,Não informado,QUEDA,0.0,0.0,0.0,0.0,0.0,0.0,0.0,0.0,0.0,Não informado,Não informado,Não informado,Não informado,Não informado,Não informado,Não informado,Não informado,Não informado,Não informado,2021,8,6,4,0
COM VÍTIMA,FINALIZADA,DERBY,DERBY,SUBURBIO,COLISÃO TRASEIRA,0.0,0.0,0.0,0.0,0.0,0.0,0.0,0.0,0.0,Longo da via,Chuvoso,Sem defeito,Perfeito estado,Molhada,Perfeito estado,Faixa de pedestre,R-6a,Única,Faixa seccionada,2020,10,15,3,0
OUTROS,FINALIZADA,SAN MARTIN,SAN MARTIN,Não informado,OUTROS,0.0,0.0,0.0,0.0,0.0,0.0,0.0,0.0,0.0,Não informado,Não informado,Não informado,Não informado,Não informado,Não informado,Não informado,Não informado,Não informado,Não informado,2021,12,7,1,0
COM VÍTIMA,FINALIZADA,AREIAS,AREIAS,CIDADE,COLISÃO TRASEIRA,0.0,0.0,0.0,0.0,0.0,0.0,0.0,0.0,0.0,Longo da via,Bom,Sem defeito,Incompleta,Seca,Perfeito estado,Faixa de pedestre,R-6a,Dupla,Faixa contínua,2020,1,6,0,0
Não informado,FINALIZADA,CASA AMARELA,CASA AMARELA,Não informado,COLISÃO TRASEIRA,1.0,1.0,0.0,0.0,0.0,1.0,0.0,0.0,0.0,Não informado,Não informado,Não informado,Não informado,Não informado,Não informado,Não informado,Não informado,Não informado,Não informado,2022,3,29,1,0
SEM VÍTIMA,FINALIZADA,BOA VIAGEM,BOA VIAGEM,Não informado,COLISÃO LATERAL,0.0,0.0,0.0,0.0,0.0,0.0,0.0,0.0,0.0,Não informado,Não informado,Não informado,Não informado,Não informado,Não informado,Não informado,Não informado,Não informado,Não informado,2021,5,6,3,0
SEM VÍTIMA,FINALIZADA,CASA AMARELA,CASA AMARELA,SUBURBIO,ABALROAMENTO LONGITUDINAL,0.0,0.0,0.0,0.0,0.0,0.0,0.0,0.0,0.0,Não informado,Bom,Não existe,Perfeito estado,Seca,Perfeito estado,Não informado,Outras,Dupla,Blocos,2020,3,10,1,0
Não informado,FINALIZADA,CASA AMARELA,CASA AMARELA,Não informado,QUEDA,1.0,1.0,0.0,0.0,0.0,0.0,0.0,0.0,0.0,Não informado,Não informado,Não informado,Não informado,Não informado,Não informado,Não informado,Não informado,Não informado,Não informado,2022,7,9,5,1
COM VÍTIMA,FINALIZADA,MACAXEIRA,MACAXEIRA,Não informado,ATROPELAMENTO,0.0,0.0,0.0,0.0,0.0,0.0,0.0,0.0,0.0,Longo da via,Bom,Não existe,Não existente,Seca,Perfeito estado,Não existe,Não há placas,Dupla,Não existe,2020,8,28,4,0
COM VÍTIMA,FINALIZADA,TOTÓ,TOTÓ,SUBURBIO,COLISÃO COM CICLISTA,0.0,0.0,0.0,0.0,0.0,0.0,0.0,0.0,0.0,Longo da via,Bom,Sem defeito,Perfeito estado,Seca,Perfeito estado,Não existe,Não há placas,Dupla,Faixa contínua,2021,5,1,5,0
COM VÍTIMA,FINALIZADA,BOA VIAGEM,BOA VIAGEM,Não informado,COLISÃO LATERAL,0.0,0.0,0.0,0.0,0.0,0.0,0.0,0.0,0.0,Cruzamento,Bom,Sem defeito,Perfeito estado,Seca,Perfeito estado,Faixa de pedestre,Não há placas,Única,Faixa seccionada,2021,3,28,6,0
COM VÍTIMA,CANCELADA,CASA AMARELA,CASA AMARELA,Não informado,COLISÃO LATERAL,0.0,0.0,0.0,0.0,0.0,0.0,0.0,0.0,0.0,Não informado,Não informado,Não informado,Não informado,Não informado,Não informado,Não informado,Não informado,Não informado,Não informado,2021,6,14,0,0
Não informado,FINALIZADA,IPUTINGA,IPUTINGA,SUBURBIO,CHOQUE,1.0,0.0,0.0,0.0,0.0,0.0,0.0,0.0,0.0,Longo da via,Chuvoso,Não existe,Perfeito estado,Molhada,Perfeito estado,Não existe,Não há placas,Única,Faixa seccionada,2022,6,27,0,1
COM VÍTIMA,FINALIZADA,BOA VIAGEM,BOA VIAGEM,SUBURBIO,COLISÃO TRASEIRA,0.0,0.0,0.0,0.0,0.0,0.0,0.0,0.0,0.0,Longo da via,Chuvoso,Não existe,Perfeito estado,Molhada,Perfeito estado,Não existe,R-19,Única,Faixa seccionada,2021,1,26,1,0
COM VÍTIMA,FINALIZADA,IPUTINGA,IPUTINGA,SUBURBIO,ABALROAMENTO TRANSVERSAL,0.0,0.0,0.0,0.0,0.0,0.0,0.0,0.0,0.0,Cruzamento,Bom,Não existe,Perfeito estado,Seca,Perfeito estado,Outros,Outras,Dupla,Não existe,2020,2,12,2,0
Não informado,FINALIZADA,PARNAMIRIM,PARNAMIRIM,Não informado,COLISÃO LATERAL,1.0,1.0,0.0,0.0,0.0,0.0,0.0,0.0,0.0,Longo da via,Chuvoso,Não existe,Perfeito estado,Molhada,Perfeito estado,Não existe,Outras,Não informado,Não existe,2022,3,22,1,1
Não informado,FINALIZADA,CAMPO GRANDE,CAMPO GRANDE,CIDADE,COLISÃO TRANSVERSAL,0.0,2.0,0.0,0.0,0.0,0.0,0.0,0.0,0.0,Cruzamento,Bom,Sem defeito,Perfeito estado,Seca,Perfeito estado,Faixa de pedestre,R-6a,Dupla,Faixa contínua,2022,3,13,6,1
Não informado,FINALIZADA,IMBIRIBEIRA,IMBIRIBEIRA,Não informado,COLISÃO TRASEIRA,1.0,1.0,0.0,0.0,0.0,0.0,0.0,0.0,0.0,Longo da via,Bom,Sem defeito,Perfeito estado,Seca,Perfeito estado,Não existe,Outras,Dupla,Faixa seccionada,2022,8,18,3,1
COM VÍTIMA,FINALIZADA,SAN MARTIN,SAN MARTIN,CIDADE,COLISÃO TRANSVERSAL,0.0,0.0,0.0,0.0,0.0,0.0,0.0,0.0,0.0,Cruzamento,Bom,Não existe,Perfeito estado,Seca,Perfeito estado,Não existe,Outras,Dupla,Faixa contínua,2021,11,26,4,0
Não informado,CANCELADA,ILHA DO RETIRO,ILHA DO RETIRO,Não informado,COLISÃO TRASEIRA,1.0,1.0,0.0,0.0,0.0,0.0,0.0,0.0,0.0,Não informado,Não informado,Não informado,Não informado,Não informado,Não informado,Não informado,Não informado,Não informado,Não informado,2022,12,30,4,1
Não informado,FINALIZADA,IMBIRIBEIRA,IMBIRIBEIRA,CIDADE,COLISÃO TRANSVERSAL,1.0,1.0,0.0,0.0,0.0,0.0,0.0,0.0,0.0,Não informado,Não informado,Não informado,Não informado,Não informado,Não informado,Não informado,Não informado,Não informado,Não informado,2022,3,3,3,1
SEM VÍTIMA,FINALIZADA,JARDIM SÃO PAULO,JARDIM SÃO PAULO,Não informado,COLISÃO,0.0,0.0,0.0,0.0,0.0,0.0,0.0,0.0,0.0,Longo da via,Bom,Não existe,Ilegível,Seca,Perfeito estado,Não existe,Não há placas,Dupla,Não existe,2021,3,6,5,0
SEM VÍTIMA,FINALIZADA,PINA,PINA,Não informado,COLISÃO LATERAL,0.0,0.0,0.0,0.0,0.0,0.0,0.0,0.0,0.0,Não informado,Não informado,Não informado,Não informado,Não informado,Não informado,Não informado,Não informado,Não informado,Não informado,2021,4,5,0,0
Não informado,FINALIZADA,ZUMBI,ZUMBI,CIDADE,COLISÃO FRONTAL,1.0,1.0,0.0,0.0,0.0,0.0,0.0,0.0,0.0,Cruzamento,Chuvoso,Sem defeito,Perfeito estado,Molhada,Perfeito estado,Faixa de pedestre,Outras,Única,Outros,2022,3,22,1,1
SEM VÍTIMA,CANCELADA,SANTO AMARO,SANTO AMARO,Não informado,COLISÃO,0.0,0.0,0.0,0.0,0.0,0.0,0.0,0.0,0.0,Não informado,Não informado,Não informado,Não informado,Não informado,Não informado,Não informado,Não informado,Não informado,Não informado,2020,2,11,1,0
COM VÍTIMA,FINALIZADA,JARDIM SÃO PAULO,JARDIM SÃO PAULO,SUBURBIO,COLISÃO COM CICLISTA,0.0,0.0,0.0,0.0,0.0,0.0,0.0,0.0,0.0,Longo da via,Bom,Não existe,Ilegível,Seca,Mal iluminada,Não existe,Placas Pare,Única,Faixa seccionada,2020,9,30,2,0
COM VÍTIMA,CANCELADA,PORTO DA MADEIRA,PORTO DA MADEIRA,Não informado,COLISÃO,0.0,0.0,0.0,0.0,0.0,0.0,0.0,0.0,0.0,Não informado,Não informado,Não informado,Não informado,Não informado,Não informado,Não informado,Não informado,Não informado,Não informado,2020,7,6,0,0
SEM VÍTIMA,FINALIZADA,BOA VISTA,BOA VISTA,Não informado,SEMÁFORO,0.0,0.0,0.0,0.0,0.0,0.0,0.0,0.0,0.0,Não informado,Não informado,Não informado,Não informado,Não informado,Não informado,Não informado,Não informado,Não informado,Não informado,2021,4,12,0,0
Não informado,FINALIZADA,ARRUDA,ARRUDA,CIDADE,COLISÃO TRANSVERSAL,1.0,0.0,1.0,0.0,0.0,0.0,0.0,0.0,0.0,Cruzamento,Bom,Não existe,Perfeito estado,Seca,Perfeito estado,Não informado,R-6a,Dupla,Faixa contínua,2022,1,11,1,1
COM VÍTIMA,CANCELADA,IPSEP,IPSEP,Não informado,COLISÃO TRASEIRA,0.0,0.0,0.0,0.0,0.0,0.0,0.0,0.0,0.0,Não informado,Não informado,Não informado,Não informado,Não informado,Não informado,Não informado,Não informado,Não informado,Não informado,2021,5,2,6,0
Não informado,FINALIZADA,IPSEP,IPSEP,SUBURBIO,COLISÃO TRANSVERSAL,1.0,1.0,0.0,0.0,0.0,0.0,0.0,0.0,0.0,Cruzamento,Chuvoso,Não existe,Perfeito estado,Molhada,Perfeito estado,Faixa de pedestre,"Placas ""Pare""",Única,Faixa seccionada,2022,8,3,2,1
Não informado,FINALIZADA,AFOGADOS,AFOGADOS,Não informado,COLISÃO TRANSVERSAL,0.0,0.0,0.0,0.0,0.0,0.0,0.0,0.0,0.0,Cruzamento,Bom,Não existe,Perfeito estado,Seca,Perfeito estado,Não existe,Não há placas,Dupla,Faixa contínua,2022,10,4,1,1
SEM VÍTIMA,FINALIZADA,VÁRZEA,VÁRZEA,Não informado,ABALROAMENTO LONGITUDINAL,0.0,0.0,0.0,0.0,0.0,0.0,0.0,0.0,0.0,Longo da via,Bom,Não existe,Perfeito estado,Seca,Perfeito estado,Agente,R-6a,Única,Não existe,2020,2,6,3,0
COM VÍTIMA,FINALIZADA,CAXANGÁ,CAXANGÁ,Não informado,COLISÃO,0.0,0.0,0.0,0.0,0.0,0.0,0.0,0.0,0.0,Não informado,Não informado,Não informado,Não informado,Não informado,Não informado,Não informado,Não informado,Não informado,Não informado,2021,2,8,0,0
SEM VÍTIMA,FINALIZADA,BOA VISTA,BOA VISTA,Não informado,COLISÃO TRASEIRA,0.0,0.0,0.0,0.0,0.0,0.0,0.0,0.0,0.0,Longo da via,Bom,Sem defeito,Perfeito estado,Seca,Perfeito estado,Faixa de pedestre,R-6a,Dupla,Faixa seccionada,2020,1,26,6,0
SEM VÍTIMA,FINALIZADA,BOA VIAGEM,BOA VIAGEM,Não informado,ABALROAMENTO TRANSVERSAL,0.0,0.0,0.0,0.0,0.0,0.0,0.0,0.0,0.0,Cruzamento,Bom,Não informado,Perfeito estado,Seca,Perfeito estado,Faixa de retenção,Placas Pare,Única,Não informado,2020,1,9,3,0
Não informado,CANCELADA,AREIAS,AREIAS,Não informado,COLISÃO FRONTAL,1.0,1.0,0.0,0.0,0.0,0.0,0.0,0.0,0.0,Não informado,Não informado,Não informado,Não informado,Não informado,Não informado,Não informado,Não informado,Não informado,Não informado,2022,4,29,4,1
COM VÍTIMA,FINALIZADA,PINA,PINA,CIDADE,COLISÃO TRASEIRA,0.0,0.0,0.0,0.0,0.0,0.0,0.0,0.0,0.0,Cruzamento,Bom,Sem defeito,Perfeito estado,Seca,Perfeito estado,Faixa de pedestre,Não há placas,Única,Faixa contínua,2020,10,7,2,0
SEM VÍTIMA,FINALIZADA,IPUTINGA,IPUTINGA,Não informado,COLISÃO LATERAL,0.0,0.0,0.0,0.0,0.0,0.0,0.0,0.0,0.0,Não informado,Não informado,Não informado,Não informado,Não informado,Não informado,Não informado,Não informado,Não informado,Não informado,2021,5,21,4,0
COM VÍTIMA,DUPLICIDADE,TEJIPIÓ,TEJIPIÓ,Não informado,COLISÃO,0.0,0.0,0.0,0.0,0.0,0.0,0.0,0.0,0.0,Não informado,Não informado,Não informado,Não informado,Não informado,Não informado,Não informado,Não informado,Não informado,Não informado,2021,3,9,1,0
COM VÍTIMA,FINALIZADA,CASA FORTE,CASA FORTE,SUBURBIO,COLISÃO COM CICLISTA,0.0,0.0,0.0,0.0,0.0,0.0,0.0,0.0,0.0,Longo da via,Bom,Sem defeito,Perfeito estado,Seca,Perfeito estado,Faixa de pedestre,R-6a,Dupla,Faixa contínua,2021,8,23,0,0
Não informado,FINALIZADA,JIQUIÁ,JIQUIÁ,SUBURBIO,COLISÃO LATERAL,1.0,1.0,0.0,0.0,0.0,0.0,0.0,0.0,0.0,Longo da via,Bom,Não existe,Perfeito estado,Seca,Perfeito estado,Não existe,Não há placas,Dupla,Faixa seccionada,2022,8,8,0,1
SEM VÍTIMA,FINALIZADA,IPSEP,IPSEP,CIDADE,ABALROAMENTO LONGITUDINAL,0.0,0.0,0.0,0.0,0.0,0.0,0.0,0.0,0.0,Cruzamento,Bom,Não existe,Não existente,Seca,Perfeito estado,Não existe,Não há placas,Dupla,Não existe,2020,1,24,4,0
Não informado,FINALIZADA,IMBIRIBEIRA,IMBIRIBEIRA,SUBURBIO,ATROPELAMENTO DE PESSOA,0.0,0.0,0.0,0.0,1.0,0.0,0.0,0.0,0.0,Não informado,Chuvoso,Não existe,Perfeito estado,Seca,Perfeito estado,Faixa de pedestre,Não há placas,Única,Não existe,2022,11,22,1,1
SEM VÍTIMA,FINALIZADA,IPUTINGA,IPUTINGA,SUBURBIO,ABALROAMENTO LONGITUDINAL,0.0,0.0,0.0,0.0,0.0,0.0,0.0,0.0,0.0,Não informado,Bom,Não existe,Ilegível,Seca,Mal iluminada,Não existe,Não há placas,Dupla,Não existe,2020,3,6,4,0
COM VÍTIMA,FINALIZADA,BOA VIAGEM,BOA VIAGEM,SUBURBIO,COLISÃO TRASEIRA,0.0,0.0,0.0,0.0,0.0,0.0,0.0,0.0,0.0,Longo da via,Chuvoso,Sem defeito,Perfeito estado,Molhada,Perfeito estado,Faixa de pedestre,Não há placas,Única,Canteiro central,2021,10,26,1,0
Não informado,CANCELADA,GRAÇAS,GRAÇAS,Não informado,COLISÃO LATERAL,0.0,0.0,0.0,0.0,0.0,0.0,0.0,0.0,0.0,Não informado,Não informado,Não informado,Não informado,Não informado,Não informado,Não informado,Não informado,Não informado,Não informado,2022,1,20,3,1
Não informado,FINALIZADA,SÃO JOSÉ,SÃO JOSÉ,Não informado,COLISÃO FRONTAL,0.0,1.0,0.0,0.0,0.0,1.0,0.0,0.0,0.0,Cruzamento,Bom,Não existe,Perfeito estado,Seca,Perfeito estado,Não existe,Não há placas,Única,Faixa,2022,4,30,5,1
SEM VÍTIMA,FINALIZADA,IMBIRIBEIRA,IMBIRIBEIRA,Não informado,COLISÃO TRANSVERSAL,0.0,0.0,0.0,0.0,0.0,0.0,0.0,0.0,0.0,Não informado,Bom,Não existe,Não existente,Seca,Perfeito estado,Não existe,Não há placas,Dupla,Não existe,2021,1,15,4,0
COM VÍTIMA,FINALIZADA,ÁGUA FRIA,ÁGUA FRIA,Não informado,COLISÃO FRONTAL,0.0,0.0,0.0,0.0,0.0,0.0,0.0,0.0,0.0,Cruzamento,Bom,Não existe,Perfeito estado,Seca,Não informado,Não existe,Não há placas,Dupla,Não existe,2021,4,23,4,0
Não informado,CANCELADA,TEJIPIÓ,TEJIPIÓ,Não informado,COLISÃO FRONTAL,2.0,0.0,0.0,0.0,0.0,0.0,0.0,0.0,0.0,Não informado,Não informado,Não informado,Não informado,Não informado,Não informado,Não informado,Não informado,Não informado,Não informado,2022,11,2,2,1
Não informado,FINALIZADA,APIPUCOS,APIPUCOS,CIDADE,COLISÃO TRANSVERSAL,1.0,1.0,0.0,0.0,0.0,0.0,0.0,0.0,0.0,Longo da via,Bom,Sem defeito,Perfeito estado,Seca,Perfeito estado,Não existe,R-6a,Dupla,Faixa contínua,2022,4,12,1,1
Não informado,FINALIZADA,DERBY,DERBY,CIDADE,COLISÃO COM CICLISTA,0.0,0.0,0.0,1.0,0.0,1.0,0.0,0.0,0.0,Cruzamento,Bom,Sem defeito,Perfeito estado,Seca,Perfeito estado,Faixa de pedestre,Não informado,Dupla,Faixa seccionada,2022,4,22,4,1
SEM VÍTIMA,FINALIZADA,BOA VIAGEM,BOA VIAGEM,CIDADE,COLISÃO,0.0,0.0,0.0,0.0,0.0,0.0,0.0,0.0,0.0,Longo da via,Bom,Não existe,Perfeito estado,Seca,Perfeito estado,Não existe,Outras,Única,Faixa seccionada,2020,2,16,6,0
SEM VÍTIMA,FINALIZADA,CASA AMARELA,CASA AMARELA,Não informado,COLISÃO FRONTAL,0.0,0.0,0.0,0.0,0.0,0.0,0.0,0.0,0.0,Não informado,Não informado,Não informado,Não informado,Não informado,Não informado,Não informado,Não informado,Não informado,Não informado,2021,10,24,6,0
SEM VÍTIMA,FINALIZADA,IPUTINGA,IPUTINGA,SUBURBIO,ABALROAMENTO LONGITUDINAL,0.0,0.0,0.0,0.0,0.0,0.0,0.0,0.0,0.0,Não informado,Bom,Não existe,Perfeito estado,Seca,Perfeito estado,Não existe,Outras,Dupla,Não existe,2020,3,5,3,0
Não informado,FINALIZADA,JARDIM SÃO PAULO,JARDIM SÃO PAULO,Não informado,COLISÃO TRASEIRA,1.0,1.0,0.0,0.0,0.0,0.0,0.0,0.0,0.0,Longo da via,Bom,Sem defeito,Perfeito estado,Seca,Perfeito estado,Faixa de pedestre,Não há placas,Dupla,Canteiro central,2022,9,4,6,1